"LAKE_HISTORY_ID","LOCATION_HISTORY_ID","agg_L3_Key","LOCATION_X_COORDINATE","LOCATION_Y_COORDINATE","LOCATION_WATERBODY_CLASSIFICATION","medians","agg_L3_Name","agg_state"
"0102ATT0020","0102ATT0020_DH","60",-78.25945,42.83261,"A",40.9,"8.0a Eastern Temperate Forests (8.1.3)","NYS Combined"
"0102FAU0021A","0102FAU0021A_DH","60",-78.289837,42.64061,"C",7.5,"8.0a Eastern Temperate Forests (8.1.3)","NYS Combined"
"0102HAR5128","0102HAR5128_DH","83",-78.430702,42.905201,NA,193,"8.0b Eastern Temperate Forests (8.1.10, 8.1.1)","NYS Combined"
"0103UWB5479","0103UWB5479_DH","83",-77.285607,42.82157,"C",4.8,"8.0b Eastern Temperate Forests (8.1.10, 8.1.1)","NYS Combined"
"0104CLE0100","0104CLE0100_DH","60",-78.852943,42.552907,"A",32.3,"8.0a Eastern Temperate Forests (8.1.3)","NYS Combined"
"0104GRE5309","0104GRE5309_DH","83",-78.753512,42.757515,"B",81.1,"8.0b Eastern Temperate Forests (8.1.10, 8.1.1)","NYS Combined"
"0104JAV0152","0104JAV0152_C","60",-78.343903,42.631302,"B",40.15,"8.0a Eastern Temperate Forests (8.1.3)","NYS Combined"
"0104LIM0130","0104LIM0130_C","60",-78.479202,42.427399,"B",45.4,"8.0a Eastern Temperate Forests (8.1.3)","NYS Combined"
"0104SUC0132","0104SUC0132_DH","60",-78.5032,42.43667,"C",5.2,"8.0a Eastern Temperate Forests (8.1.3)","NYS Combined"
"0105FRE0160","0105FRE0160_DH","60",-79.309897,42.395113,"A",15.6,"8.0a Eastern Temperate Forests (8.1.3)","NYS Combined"
"0105MIN0165A","0105MIN0165A_DH","60",-79.57616,42.29744,"A",7.2,"8.0a Eastern Temperate Forests (8.1.3)","NYS Combined"
"0201ALM5535","0201ALM5535_DH","60",-78.00189,42.01421,"C",0.01,"8.0a Eastern Temperate Forests (8.1.3)","NYS Combined"
"0201CUB0115","0201CUB0115_C","60",-78.292801,42.253399,"B",6.01,"8.0a Eastern Temperate Forests (8.1.3)","NYS Combined"
"0201RED0095B","0201RED0095B_DH","60",-78.745892,42.104343,"B",0.25,"8.0a Eastern Temperate Forests (8.1.3)","NYS Combined"
"0202AIRXXX1","0202AIRXXX1_DH","60",-79.6854,42.14715,NA,0.525,"8.0a Eastern Temperate Forests (8.1.3)","NYS Combined"
"0202BEA0131","0202BEA0131_DH","60",-79.38433,42.348009,"A",9.35,"8.0a Eastern Temperate Forests (8.1.3)","NYS Combined"
"0202CHA0122","0202CHA0122_NCSL","60",-79.430702,42.180951,"A",21.5,"8.0a Eastern Temperate Forests (8.1.3)","NYS Combined"
"0202CHA0122","0202CHA0122_SCSL","60",-79.363881,42.123269,"A",23.6,"8.0a Eastern Temperate Forests (8.1.3)","NYS Combined"
"0202FIN0153","0202FIN0153_C","60",-79.726196,42.101898,"B",16.85,"8.0a Eastern Temperate Forests (8.1.3)","NYS Combined"
"0202LEOXXX1","0202LEOXXX1_C","60",-79.5447,42.086201,NA,0.005,"8.0a Eastern Temperate Forests (8.1.3)","NYS Combined"
"0202MCA0135","0202MCA0135_DH","60",-79.325196,42.346345,"C",27.9,"8.0a Eastern Temperate Forests (8.1.3)","NYS Combined"
"0301CANXXX1","0301CANXXX1_DH","83",-77.6944413,43.1838369,NA,378,"8.0b Eastern Temperate Forests (8.1.10, 8.1.1)","NYS Combined"
"0301GOO0167O","0301GOO0167O_DH","83",-77.285607,42.82157,"C",31.2,"8.0b Eastern Temperate Forests (8.1.10, 8.1.1)","NYS Combined"
"0301LON0154","0301LON0154_DH","83",-77.68576,43.29287,"B",50,"8.0b Eastern Temperate Forests (8.1.10, 8.1.1)","NYS Combined"
"0301MID0177A","0301MID0177A_DH","83",-77.285607,42.82157,"A",69.4,"8.0b Eastern Temperate Forests (8.1.10, 8.1.1)","NYS Combined"
"0301UWB0153D","0301UWB0153D_DH","83",-77.285607,42.82157,NA,152,"8.0b Eastern Temperate Forests (8.1.10, 8.1.1)","NYS Combined"
"0301UWB0190A","0301UWB0190A_DH","83",-77.285607,42.82157,NA,67.6,"8.0b Eastern Temperate Forests (8.1.10, 8.1.1)","NYS Combined"
"0301WAT0166","0301WAT0166_DH","83",-77.285607,42.82157,"C",53.35,"8.0b Eastern Temperate Forests (8.1.10, 8.1.1)","NYS Combined"
"0302DEE0142","0302DEE0142_DH","83",-77.285607,42.82157,"C",24.4,"8.0b Eastern Temperate Forests (8.1.10, 8.1.1)","NYS Combined"
"0302LAC0132","0302LAC0132_C","83",-77.479401,43.0509,"B",15.5,"8.0b Eastern Temperate Forests (8.1.10, 8.1.1)","NYS Combined"
"0302MIL0092","0302MIL0092_DH","83",-76.76641846,43.16973877,"B",23.7,"8.0b Eastern Temperate Forests (8.1.10, 8.1.1)","NYS Combined"
"0302SIL0065","0302SIL0065_DH","83",-76.54728699,43.37694931,"C",5.9,"8.0b Eastern Temperate Forests (8.1.10, 8.1.1)","NYS Combined"
"0303COA0048","0303COA0048_DH","83",-75.97496796,43.40661621,"B",4.35,"8.0b Eastern Temperate Forests (8.1.10, 8.1.1)","NYS Combined"
"0303HYD0391","0303HYD0391_DH","83",-75.83269,44.24565,"B",21.4,"8.0b Eastern Temperate Forests (8.1.10, 8.1.1)","NYS Combined"
"0303LOR0009","0303LOR0009_C","58",-75.89079,43.503741,NA,0.3,"5.3 Atlantic Highlands (5.3.1, 5.3.3)","NYS Combined"
"0303LOR0009","0303LOR0009_DH","58",-75.88983,43.50226,NA,1,"5.3 Atlantic Highlands (5.3.1, 5.3.3)","NYS Combined"
"0303LOR0052","0303LOR0052_DH","58",-75.96063232,43.45778275,"B",45.35,"5.3 Atlantic Highlands (5.3.1, 5.3.3)","NYS Combined"
"0303SOU0001","0303SOU0001_DH","83",-76.19037,43.62339,"C",15.2,"8.0b Eastern Temperate Forests (8.1.10, 8.1.1)","NYS Combined"
"0303STM0042","0303STM0042_DH","83",-76.03237152,43.42353821,"C",0.25,"8.0b Eastern Temperate Forests (8.1.10, 8.1.1)","NYS Combined"
"0402CAN0043","0402CAN0043_CSL1","60",-77.568098,42.717426,"AA(TS)",36.9,"8.0a Eastern Temperate Forests (8.1.3)","NYS Combined"
"0402CON0067","0402CON0067_CSL1","83",-77.712402,42.812016,"AA",59.4,"8.0b Eastern Temperate Forests (8.1.10, 8.1.1)","NYS Combined"
"0402CON0067","0402CON0067_CSL2","60",-77.719197,42.754196,"AA",59.7,"8.0a Eastern Temperate Forests (8.1.3)","NYS Combined"
"0402DEW5227","0402DEW5227_DH","83",-78.16031,42.99138,NA,217,"8.0b Eastern Temperate Forests (8.1.10, 8.1.1)","NYS Combined"
"0402GOD0017","0402GOD0017_DH","83",-78.11157256,43.02852742,"B",136,"8.0b Eastern Temperate Forests (8.1.10, 8.1.1)","NYS Combined"
"0402HEM0044","0402HEM0044_CSL1","83",-77.61471,42.772989,"AA(T)",35.8,"8.0b Eastern Temperate Forests (8.1.10, 8.1.1)","NYS Combined"
"0402HEM0044","0402HEM0044_CSL2","60",-77.610553,42.719932,"AA(T)",35.8,"8.0a Eastern Temperate Forests (8.1.3)","NYS Combined"
"0402HEM0044","0402HEM0044_CSL3","60",-77.600174,42.682239,"AA(T)",35.25,"8.0a Eastern Temperate Forests (8.1.3)","NYS Combined"
"0402HON0057","0402HON0057_CSL1","60",-77.51238,42.76503,"AA",31.45,"8.0a Eastern Temperate Forests (8.1.3)","NYS Combined"
"0402HON0057","0402HON0057_CSL2","60",-77.5087,42.7513,"AA",31.5,"8.0a Eastern Temperate Forests (8.1.3)","NYS Combined"
"0402UWB5160","0402UWB5160_DH","83",-77.66844,42.90147,NA,24.8,"8.0b Eastern Temperate Forests (8.1.10, 8.1.1)","NYS Combined"
"0403MOS0144","0403MOS0144_C","60",-78.185997,42.398701,"C",1,"8.0a Eastern Temperate Forests (8.1.3)","NYS Combined"
"0403ROC0155","0403ROC0155_DH","60",-78.14973361,42.30817548,"C",9.4,"8.0a Eastern Temperate Forests (8.1.3)","NYS Combined"
"0403RUS0146","0403RUS0146_C","60",-78.192703,42.3806,"B(T)",9.585,"8.0a Eastern Temperate Forests (8.1.3)","NYS Combined"
"0403RUS0146","0403RUS0146_DH","60",-78.18828,42.38059,"B(T)",11.7,"8.0a Eastern Temperate Forests (8.1.3)","NYS Combined"
"0403SIL0115","0403SIL0115_C","60",-78.034798,42.687199,"A",29.1,"8.0a Eastern Temperate Forests (8.1.3)","NYS Combined"
"0404LOO0079","0404LOO0079_C","60",-77.566902,42.492599,"B",16.4,"8.0a Eastern Temperate Forests (8.1.3)","NYS Combined"
"0404NUN0084A","0404NUN0084A_DH","60",-77.91652,42.54061,"A",30.1,"8.0a Eastern Temperate Forests (8.1.3)","NYS Combined"
"0502DEM0068","0502DEM0068_C","60",-77.477898,42.347698,"B",3.45,"8.0a Eastern Temperate Forests (8.1.3)","NYS Combined"
"0502LAM0047","0502LAM0047_C","60",-77.077797,42.4058,"A",28.35,"8.0a Eastern Temperate Forests (8.1.3)","NYS Combined"
"0502MILXXX1","0502MILXXX1_DH","60",-77.09700012,42.37559891,NA,31.2,"8.0a Eastern Temperate Forests (8.1.3)","NYS Combined"
"0502SAL0051","0502SAL0051_C","60",-77.2929,42.3293,"B",43.25,"8.0a Eastern Temperate Forests (8.1.3)","NYS Combined"
"0502SMI0066","0502SMI0066_C","60",-77.474403,42.388802,"B",16.4,"8.0a Eastern Temperate Forests (8.1.3)","NYS Combined"
"0502WAN0048","0502WAN0048_C","60",-77.101799,42.4445,"A",37.2,"8.0a Eastern Temperate Forests (8.1.3)","NYS Combined"
"0503TANXXX1","0503TANXXX1_C","60",-77.251116,42.193635,NA,3.325,"8.0a Eastern Temperate Forests (8.1.3)","NYS Combined"
"0601ARN0362","0601ARN0362_DH","60",-75.00469,42.61128,"B(T)",4,"8.0a Eastern Temperate Forests (8.1.3)","NYS Combined"
"0601BEA0174","0601BEA0174_C","60",-75.665703,42.045502,"C",2.715,"8.0a Eastern Temperate Forests (8.1.3)","NYS Combined"
"0601CAN0392","0601CAN0392_C","83",-75.006103,42.8153,"A(T)",23.2,"8.0b Eastern Temperate Forests (8.1.10, 8.1.1)","NYS Combined"
"0601CHE0213","0601CHE0213_C","60",-75.4412,42.5826,"A",29.75,"8.0a Eastern Temperate Forests (8.1.3)","NYS Combined"
"0601ESI0262","0601ESI0262_DH","60",-75.22639,42.32997,"B(T)",12.55,"8.0a Eastern Temperate Forests (8.1.3)","NYS Combined"
"0601GIL0287","0601GIL0287_DH","60",-75.12655,42.57874,"AA(T)",0.25,"8.0a Eastern Temperate Forests (8.1.3)","NYS Combined"
"0601GOE0378","0601GOE0378_DH","60",-74.97406,42.62579,"AA",0.25,"8.0a Eastern Temperate Forests (8.1.3)","NYS Combined"
"0601GUI0188","0601GUI0188_C","60",-75.499397,42.412899,"AA",7.21,"8.0a Eastern Temperate Forests (8.1.3)","NYS Combined"
"0601SEX0311","0601SEX0311_DH","60",-74.82928,42.4625,"B",1,"8.0a Eastern Temperate Forests (8.1.3)","NYS Combined"
"0601YOU0408","0601YOU0408_DH","83",-74.920908,42.844144,"B",12.8,"8.0b Eastern Temperate Forests (8.1.10, 8.1.1)","NYS Combined"
"0602BOW5660","0602BOW5660_DH","60",-75.68893,42.51632,NA,1,"8.0a Eastern Temperate Forests (8.1.3)","NYS Combined"
"0602BRA0154","0602BRA0154_C","60",-75.662201,42.834,"B",13.2,"8.0a Eastern Temperate Forests (8.1.3)","NYS Combined"
"0602CRO0073","0602CRO0073_C","60",-76.149399,42.7859,"B",17.35,"8.0a Eastern Temperate Forests (8.1.3)","NYS Combined"
"0602EAR0146","0602EAR0146_C","60",-75.5578,42.760601,"C",9.505,"8.0a Eastern Temperate Forests (8.1.3)","NYS Combined"
"0602EAT0163","0602EAT0163_C","60",-75.698998,42.8591,"B",5.77,"8.0a Eastern Temperate Forests (8.1.3)","NYS Combined"
"0602GEN0088","0602GEN0088_C","60",-75.774803,42.5173,"B",3.745,"8.0a Eastern Temperate Forests (8.1.3)","NYS Combined"
"0602HAT0155","0602HAT0155_C","60",-75.677803,42.834598,"B",15.95,"8.0a Eastern Temperate Forests (8.1.3)","NYS Combined"
"0602LEB0153","0602LEB0153_C","60",-75.606903,42.802898,"B",4.86,"8.0a Eastern Temperate Forests (8.1.3)","NYS Combined"
"0602LLY5637","0602LLY5637_C","60",-76.163902,42.692402,"B",52.1,"8.0a Eastern Temperate Forests (8.1.3)","NYS Combined"
"0602LLY5637","0602LLY5637_DH","60",-76.16366194,42.69208114,"B",51.8,"8.0a Eastern Temperate Forests (8.1.3)","NYS Combined"
"0602LUD0099","0602LUD0099_DH","60",-75.70856,42.46485,"C",7.25,"8.0a Eastern Temperate Forests (8.1.3)","NYS Combined"
"0602MEL0039","0602MEL0039_C","60",-75.8741,42.470299,"C",9.38,"8.0a Eastern Temperate Forests (8.1.3)","NYS Combined"
"0602MOR0152","0602MOR0152_C","60",-75.522201,42.850201,"B",18.25,"8.0a Eastern Temperate Forests (8.1.3)","NYS Combined"
"0602PET0078","0602PET0078_C","60",-75.7985,42.331699,"A",12.1,"8.0a Eastern Temperate Forests (8.1.3)","NYS Combined"
"0602PLY0107","0602PLY0107_C","60",-75.651001,42.5881,"B",2.095,"8.0a Eastern Temperate Forests (8.1.3)","NYS Combined"
"0602ROU0082","0602ROU0082_DH","60",-75.8392,42.3996,"C",3.85,"8.0a Eastern Temperate Forests (8.1.3)","NYS Combined"
"0602SON0072","0602SON0072_C","60",-76.146864,42.772301,"B",14.55,"8.0a Eastern Temperate Forests (8.1.3)","NYS Combined"
"0602STE0101","0602STE0101_DH","60",-75.66773415,42.52358066,"C",0.25,"8.0a Eastern Temperate Forests (8.1.3)","NYS Combined"
"0602TRU5405","0602TRU5405_C","60",-75.727997,42.269001,"C",4.485,"8.0a Eastern Temperate Forests (8.1.3)","NYS Combined"
"0602TUL0068","0602TUL0068_C","60",-76.1352,42.776401,"B",73.75,"8.0a Eastern Temperate Forests (8.1.3)","NYS Combined"
"0602ULI0067","0602ULI0067_C","60",-76.1558,42.7033,"B",51.95,"8.0a Eastern Temperate Forests (8.1.3)","NYS Combined"
"0602WAR0094","0602WAR0094_C","60",-75.6464,42.3746,"C",18,"8.0a Eastern Temperate Forests (8.1.3)","NYS Combined"
"0602WHI5358","0602WHI5358_DH","60",-75.971893,42.346133,"C",10.6,"8.0a Eastern Temperate Forests (8.1.3)","NYS Combined"
"0603CAY0008","0603CAY0008_DH","60",-76.73452,42.37144,"B",11.85,"8.0a Eastern Temperate Forests (8.1.3)","NYS Combined"
"0603SPE0013","0603SPE0013_DH","60",-76.50019836,42.24750137,"C",17.9,"8.0a Eastern Temperate Forests (8.1.3)","NYS Combined"
"0701CRO0185","0701CRO0185_DH","83",-76.48589,43.13731,"B",94.35,"8.0b Eastern Temperate Forests (8.1.10, 8.1.1)","NYS Combined"
"0701NEA0009","0701NEA0009_DH","83",-76.431442,43.305356,"B",44.2,"8.0b Eastern Temperate Forests (8.1.10, 8.1.1)","NYS Combined"
"0701PAR0197","0701PAR0197_DH","83",-76.55776,43.16305,"C",53.2,"8.0b Eastern Temperate Forests (8.1.10, 8.1.1)","NYS Combined"
"0702ONO0154","0702ONO0154_NDH","83",-76.22602187,43.10056507,"B",392,"8.0b Eastern Temperate Forests (8.1.10, 8.1.1)","NYS Combined"
"0702ONO0154","0702ONO0154_SDH","83",-76.19756,43.07744,"C",376,"8.0b Eastern Temperate Forests (8.1.10, 8.1.1)","NYS Combined"
"0702OTI0175","0702OTI0175_CSL1","60",-76.29633,42.8745,"AA",39.85,"8.0a Eastern Temperate Forests (8.1.3)","NYS Combined"
"0702OTI0175","0702OTI0175_CSL2","60",-76.273522,42.855585,"AA",40.45,"8.0a Eastern Temperate Forests (8.1.3)","NYS Combined"
"0702OTI0175","0702OTI0175_SOUTH","60",-76.25631379,42.84355191,"AA",23.9,"8.0a Eastern Temperate Forests (8.1.3)","NYS Combined"
"0703CAZ0153","0703CAZ0153_C","60",-75.872002,42.9482,"A",29.6,"8.0a Eastern Temperate Forests (8.1.3)","NYS Combined"
"0703DER0139A","0703DER0139A_C","60",-75.888603,42.810699,"B",12.3,"8.0a Eastern Temperate Forests (8.1.3)","NYS Combined"
"0703JAM0144","0703JAM0144_C","83",-76.069099,42.973999,"AA",39.65,"8.0b Eastern Temperate Forests (8.1.10, 8.1.1)","NYS Combined"
"0703KAS0109","0703KAS0109_C","58",-75.924896,43.473301,"B",1.55,"5.3 Atlantic Highlands (5.3.1, 5.3.3)","NYS Combined"
"0703ONE0026","0703ONE0026_3MILE","83",-76.0448720120602,43.2212388609007,"B",25.7,"8.0b Eastern Temperate Forests (8.1.10, 8.1.1)","NYS Combined"
"0703ONE0026","0703ONE0026_B109","83",-75.7704823651125,43.1862035952911,"B",25,"8.0b Eastern Temperate Forests (8.1.10, 8.1.1)","NYS Combined"
"0703ONE0026","0703ONE0026_SHACK","83",-75.9267018456719,43.1806318508863,"B",26.25,"8.0b Eastern Temperate Forests (8.1.10, 8.1.1)","NYS Combined"
"0703ONE0073","0703ONE0073_DH","58",-75.616726,43.364504,"AA(T)",0.25,"5.3 Atlantic Highlands (5.3.1, 5.3.3)","NYS Combined"
"0703PAN0094","0703PAN0094_C","83",-75.908699,43.329201,"B",6.27,"8.0b Eastern Temperate Forests (8.1.10, 8.1.1)","NYS Combined"
"0703PLE0019","0703PLE0019_C","83",-76.222702,43.235401,"B",1.365,"8.0b Eastern Temperate Forests (8.1.10, 8.1.1)","NYS Combined"
"0703ROM5276","0703ROM5276_DH","58",-75.59039307,43.43915558,NA,0.25,"5.3 Atlantic Highlands (5.3.1, 5.3.3)","NYS Combined"
"0703TUS0153A","0703TUS0153A_C","60",-75.758598,42.866501,"B",9.405,"8.0a Eastern Temperate Forests (8.1.3)","NYS Combined"
"0703UWBXXX1","0703UWBXXX1_DH","83",-76.05039978,43.32147598,NA,5.4,"8.0b Eastern Temperate Forests (8.1.10, 8.1.1)","NYS Combined"
"0704BLAXXX1","0704BLAXXX1_DH","83",-76.73557424,42.98240507,"C",91.2,"8.0b Eastern Temperate Forests (8.1.10, 8.1.1)","NYS Combined"
"0704CAN0286","0704CAN0286_CSL1","83",-77.276333,42.821167,"AA(TS)",51.15,"8.0b Eastern Temperate Forests (8.1.10, 8.1.1)","NYS Combined"
"0704CAN0286","0704CAN0286_CSL2","60",-77.344,42.7206,"AA(TS)",51.4,"8.0a Eastern Temperate Forests (8.1.3)","NYS Combined"
"0704UWB5422","0704UWB5422_DH","83",-76.78201954,43.00185573,"C",32.6,"8.0b Eastern Temperate Forests (8.1.10, 8.1.1)","NYS Combined"
"0705CAY0296","0705CAY0296_CSL1","83",-76.725708,42.817751,"A(T)",53.8,"8.0b Eastern Temperate Forests (8.1.10, 8.1.1)","NYS Combined"
"0705CAY0296","0705CAY0296_CSL2","60",-76.5975,42.555167,"AA(T)",53.15,"8.0a Eastern Temperate Forests (8.1.3)","NYS Combined"
"0705CAY0296","0705CAY0296_CSL3","60",-76.515,42.47,"A",54.85,"8.0a Eastern Temperate Forests (8.1.3)","NYS Combined"
"0705CAY0296","0705CAY0296_CSL4","83",-76.73,42.714,"AA(T)",52.7,"8.0b Eastern Temperate Forests (8.1.10, 8.1.1)","NYS Combined"
"0705CAY0296","0705CAY0296_CSL5","83",-76.74,42.919,"B(T)",60.1,"8.0b Eastern Temperate Forests (8.1.10, 8.1.1)","NYS Combined"
"0705COM0333","0705COM0333_C","60",-76.302498,42.6772,"B",18.1,"8.0a Eastern Temperate Forests (8.1.3)","NYS Combined"
"0705DUC0222","0705DUC0222_C","83",-76.689796,43.1469,"C",14.2,"8.0b Eastern Temperate Forests (8.1.10, 8.1.1)","NYS Combined"
"0705KEU0388","0705KEU0388_CSL1","60",-77.149531,42.550407,"AA(TS)",32.9,"8.0a Eastern Temperate Forests (8.1.3)","NYS Combined"
"0705KEU0388","0705KEU0388_CSL2","60",-77.15495,42.488717,"AA(TS)",34,"8.0a Eastern Temperate Forests (8.1.3)","NYS Combined"
"0705SEN0369","0705SEN0369_CSL1","83",-76.95,42.771133,"AA(TS)",117.5,"8.0b Eastern Temperate Forests (8.1.10, 8.1.1)","NYS Combined"
"0705SEN0369","0705SEN0369_CSL2","83",-76.897686,42.585357,"AA(TS)",119,"8.0b Eastern Temperate Forests (8.1.10, 8.1.1)","NYS Combined"
"0705SEN0369","0705SEN0369_CSL3","83",-76.921838,42.69049,"AA(TS)",116,"8.0b Eastern Temperate Forests (8.1.10, 8.1.1)","NYS Combined"
"0705SEN0369","0705SEN0369_CSL4","60",-76.887,42.453,"AA(TS)",116,"8.0a Eastern Temperate Forests (8.1.3)","NYS Combined"
"0706OWA0212","0706OWA0212_CSL1","83",-76.516,42.8445,"AA(T)",22.65,"8.0b Eastern Temperate Forests (8.1.10, 8.1.1)","NYS Combined"
"0706OWA0212","0706OWA0212_CSL2","60",-76.493173,42.79458,"AA(T)",21.55,"8.0a Eastern Temperate Forests (8.1.3)","NYS Combined"
"0707SKA0193","0707SKA0193_CSL1","83",-76.415406,42.918062,"AA",20.5,"8.0b Eastern Temperate Forests (8.1.10, 8.1.1)","NYS Combined"
"0707SKA0193","0707SKA0193_CSL2","60",-76.292495,42.801633,"AA",20.7,"8.0a Eastern Temperate Forests (8.1.3)","NYS Combined"
"0801BRA0689","0801BRA0689_C","58",-75.278397,43.693699,"A",0.796,"5.3 Atlantic Highlands (5.3.1, 5.3.3)","NYS Combined"
"0801BUG0789","0801BUG0789_DH","58",-74.72998,43.76924,"AA(T)",0.25,"5.3 Atlantic Highlands (5.3.1, 5.3.3)","NYS Combined"
"0801CHI0776","0801CHI0776_DH","58",-74.82912,43.83043,"C(T)",0.25,"5.3 Atlantic Highlands (5.3.1, 5.3.3)","NYS Combined"
"0801COP0710","0801COP0710_DH","58",-75.142166,43.666079,"C(T)",0.25,"5.3 Atlantic Highlands (5.3.1, 5.3.3)","NYS Combined"
"0801CRY0595","0801CRY0595_DH","58",-75.27648,43.84009,"C",0.25,"5.3 Atlantic Highlands (5.3.1, 5.3.3)","NYS Combined"
"0801DAR0750","0801DAR0750_DH","58",-74.8624133,43.7957369,"A",0.25,"5.3 Atlantic Highlands (5.3.1, 5.3.3)","NYS Combined"
"0801EFF0426","0801EFF0426_DH","58",-75.26348,43.92031,"C(T)",1,"5.3 Atlantic Highlands (5.3.1, 5.3.3)","NYS Combined"
"0801EIG0790","0801EIG0790_DH","58",-74.70639,43.77297,"A(T)",22.95,"5.3 Atlantic Highlands (5.3.1, 5.3.3)","NYS Combined"
"0801GUL0969","0801GUL0969_DH","58",-75.05538177,43.55446625,"C(T)",0.25,"5.3 Atlantic Highlands (5.3.1, 5.3.3)","NYS Combined"
"0801HIG0418","0801HIG0418_DH","58",-75.37246,43.92667,"C(T)",0.1,"5.3 Atlantic Highlands (5.3.1, 5.3.3)","NYS Combined"
"0801IND0647","0801IND0647_DH","58",-74.97715,43.7728,"AA(T)",0.1,"5.3 Atlantic Highlands (5.3.1, 5.3.3)","NYS Combined"
"0801KAY0984A","0801KAY0984A_DH","83",-75.20556641,43.420784,"C(T)",2.525,"8.0b Eastern Temperate Forests (8.1.10, 8.1.1)","NYS Combined"
"0801LIL0541","0801LIL0541_DH","58",-74.76007,44.00268,"C",0.25,"5.3 Atlantic Highlands (5.3.1, 5.3.3)","NYS Combined"
"0801LIM0826","0801LIM0826_DH","58",-74.78976,43.71429,"A(T)",0.2,"5.3 Atlantic Highlands (5.3.1, 5.3.3)","NYS Combined"
"0801LON0610","0801LON0610_DH","58",-75.26737,43.77977,"C",0.25,"5.3 Atlantic Highlands (5.3.1, 5.3.3)","NYS Combined"
"0801MEI0420","0801MEI0420_DH","58",-75.24727341,43.95672132,"C",0.25,"5.3 Atlantic Highlands (5.3.1, 5.3.3)","NYS Combined"
"0801NIC0804","0801NIC0804_DH","58",-74.98994,43.67327,"A(T)",0.15,"5.3 Atlantic Highlands (5.3.1, 5.3.3)","NYS Combined"
"0801OTT0926","0801OTT0926_C","58",-75.114601,43.592098,"A",35.45,"5.3 Atlantic Highlands (5.3.1, 5.3.3)","NYS Combined"
"0801OTT0926","0801OTT0926_DH","58",-75.11883545,43.5911293,"A",34.1,"5.3 Atlantic Highlands (5.3.1, 5.3.3)","NYS Combined"
"0801SAN0436","0801SAN0436_DH","58",-75.162041,43.94972,"C(T)",0.25,"5.3 Atlantic Highlands (5.3.1, 5.3.3)","NYS Combined"
"0801SEC0782B","0801SEC0782B_C","58",-74.911598,43.721199,"A",11.4,"5.3 Atlantic Highlands (5.3.1, 5.3.3)","NYS Combined"
"0801SOF0434","0801SOF0434_DH","58",-75.21268,43.91261,"C(T)",1,"5.3 Atlantic Highlands (5.3.1, 5.3.3)","NYS Combined"
"0801STI0493","0801STI0493_DH","58",-75.02438,43.90192,"C(T)",0.25,"5.3 Atlantic Highlands (5.3.1, 5.3.3)","NYS Combined"
"0801UWB0599","0801UWB0599_DH","58",-75.29468,43.75949,NA,0.25,"5.3 Atlantic Highlands (5.3.1, 5.3.3)","NYS Combined"
"0801UWB0692","0801UWB0692_DH","58",-75.28306,43.69379,NA,0.25,"5.3 Atlantic Highlands (5.3.1, 5.3.3)","NYS Combined"
"0801UWB5515","0801UWB5515_NWS","58",-74.965956,43.722731,NA,0.25,"5.3 Atlantic Highlands (5.3.1, 5.3.3)","NYS Combined"
"0902ALL5147","0902ALL5147_DH","83",-74.842569,44.636104,"C",1,"8.0b Eastern Temperate Forests (8.1.10, 8.1.1)","NYS Combined"
"0902ARQ0103A","0902ARQ0103A_DH","58",-74.60243138,44.51080355,"C(T)",0.25,"5.3 Atlantic Highlands (5.3.1, 5.3.3)","NYS Combined"
"0902BAR0262","0902BAR0262_DH","58",-74.25539,44.46087,"C(T)",52.2,"5.3 Atlantic Highlands (5.3.1, 5.3.3)","NYS Combined"
"0902DEE0073","0902DEE0073_C","58",-74.300796,44.650902,"C(T)",21.25,"5.3 Atlantic Highlands (5.3.1, 5.3.3)","NYS Combined"
"0902EAG0083","0902EAG0083_C","58",-74.273804,44.668999,"C",30.05,"5.3 Atlantic Highlands (5.3.1, 5.3.3)","NYS Combined"
"0902LSA0257A","0902LSA0257A_DH","58",-74.2559,44.4294,"B",21.9,"5.3 Atlantic Highlands (5.3.1, 5.3.3)","NYS Combined"
"0902MOU0050","0902MOU0050_DH","58",-74.131,44.7012,"B(T)",1,"5.3 Atlantic Highlands (5.3.1, 5.3.3)","NYS Combined"
"0902MOU0198","0902MOU0198_DH","58",-74.27738076,44.47784896,"C",49.9,"5.3 Atlantic Highlands (5.3.1, 5.3.3)","NYS Combined"
"0902RIC0178","0902RIC0178_DH","58",-74.31789,44.51715,"C",1,"5.3 Atlantic Highlands (5.3.1, 5.3.3)","NYS Combined"
"0902SLU0245","0902SLU0245_DH","58",-74.31511156,44.46989458,"C",0.25,"5.3 Atlantic Highlands (5.3.1, 5.3.3)","NYS Combined"
"0902SPI0264","0902SPI0264_DH","58",-74.2728,44.4164,"AA",8.05,"5.3 Atlantic Highlands (5.3.1, 5.3.3)","NYS Combined"
"0902TWI0002B","0902TWI0002B_DH","58",-73.96553348,44.67056715,"C",0.25,"5.3 Atlantic Highlands (5.3.1, 5.3.3)","NYS Combined"
"0902WHI0158","0902WHI0158_DH","58",-74.30123692,44.3769958,NA,0.25,"5.3 Atlantic Highlands (5.3.1, 5.3.3)","NYS Combined"
"0902WOL0065","0902WOL0065_DH","58",-74.05734,44.65031,"B",1,"5.3 Atlantic Highlands (5.3.1, 5.3.3)","NYS Combined"
"0903BLA0029A","0903BLA0029A_DH","58",-74.75842,44.47972,"C",3.95,"5.3 Atlantic Highlands (5.3.1, 5.3.3)","NYS Combined"
"0903BLU0307","0903BLU0307_DH","58",-74.46030331,43.86574003,"A(T)",21.8,"5.3 Atlantic Highlands (5.3.1, 5.3.3)","NYS Combined"
"0903BRI0178","0903BRI0178_DH","58",-74.57959747,44.16096115,NA,0.25,"5.3 Atlantic Highlands (5.3.1, 5.3.3)","NYS Combined"
"0903EAG0306","0903EAG0306_DH","58",-74.48439407,43.84387525,"B",24.9,"5.3 Atlantic Highlands (5.3.1, 5.3.3)","NYS Combined"
"0903EAT0248","0903EAT0248_DH","58",-74.466,43.978,"AA(T)",16.8,"5.3 Atlantic Highlands (5.3.1, 5.3.3)","NYS Combined"
"0903FOL0186","0903FOL0186_DH","58",-74.378,44.1565,"C",0.25,"5.3 Atlantic Highlands (5.3.1, 5.3.3)","NYS Combined"
"0903HIT0144","0903HIT0144_DH","58",-74.65909037,44.12022953,"C(T)",0.25,"5.3 Atlantic Highlands (5.3.1, 5.3.3)","NYS Combined"
"0903LEO0062","0903LEO0062_DH","58",-74.73405082,44.33231905,"C",0.25,"5.3 Atlantic Highlands (5.3.1, 5.3.3)","NYS Combined"
"0903LSI0182","0903LSI0182_DH","58",-74.4444,44.1542,"AA(T)",0.25,"5.3 Atlantic Highlands (5.3.1, 5.3.3)","NYS Combined"
"0903LTR0145","0903LTR0145_DH","58",-74.6515,44.0957,NA,0.25,"5.3 Atlantic Highlands (5.3.1, 5.3.3)","NYS Combined"
"0903RAQ0293","0903RAQ0293_C","58",-74.637604,43.8396,"AA",4.71,"5.3 Atlantic Highlands (5.3.1, 5.3.3)","NYS Combined"
"0903ROC0050","0903ROC0050_DH","58",-74.55294379,44.36355698,"C",0.25,"5.3 Atlantic Highlands (5.3.1, 5.3.3)","NYS Combined"
"0903SHA0324","0903SHA0324_DH","58",-74.7305197,43.819442,NA,0.25,"5.3 Atlantic Highlands (5.3.1, 5.3.3)","NYS Combined"
"0903SOU0017A","0903SOU0017A_DH","58",-74.865898,44.52759,"C",5.2,"5.3 Atlantic Highlands (5.3.1, 5.3.3)","NYS Combined"
"0903UPR0239","0903UPR0239_DH","58",-74.0885021,44.1261551,"C(T)",0.25,"5.3 Atlantic Highlands (5.3.1, 5.3.3)","NYS Combined"
"0903UTO0304","0903UTO0304_DH","58",-74.520104,43.8338,NA,17.95,"5.3 Atlantic Highlands (5.3.1, 5.3.3)","NYS Combined"
"0903WOO0091","0903WOO0091_DH","58",-74.4266,44.2609,"C(T)",0.25,"5.3 Atlantic Highlands (5.3.1, 5.3.3)","NYS Combined"
"0904BAL0364","0904BAL0364_DH","58",-74.75432899,44.25219397,"C(T)",95.3,"5.3 Atlantic Highlands (5.3.1, 5.3.3)","NYS Combined"
"0904COO0347","0904COO0347_DH","58",-74.88798,44.2459,"C(T)",1,"5.3 Atlantic Highlands (5.3.1, 5.3.3)","NYS Combined"
"0904HUC0291","0904HUC0291_DH","83",-75.33596274,44.3233434,"C",0.25,"8.0b Eastern Temperate Forests (8.1.10, 8.1.1)","NYS Combined"
"0905CRY0289","0905CRY0289_DH","58",-75.06829834,44.10179901,"C(T)",0.25,"5.3 Atlantic Highlands (5.3.1, 5.3.3)","NYS Combined"
"0905FRE0228","0905FRE0228_DH","58",-75.22728551,43.97771196,"C",0.25,"5.3 Atlantic Highlands (5.3.1, 5.3.3)","NYS Combined"
"0905LOW0061","0905LOW0061_DH","83",-75.30690931,44.58278557,"C",13.3,"8.0b Eastern Temperate Forests (8.1.10, 8.1.1)","NYS Combined"
"0905MOO0071","0905MOO0071_DH","83",-75.73419,44.25425,"C",3.9,"8.0b Eastern Temperate Forests (8.1.10, 8.1.1)","NYS Combined"
"0905MUD0227","0905MUD0227_DH","58",-75.2189572,43.97523457,"C",0.25,"5.3 Atlantic Highlands (5.3.1, 5.3.3)","NYS Combined"
"0905ROC0231","0905ROC0231_DH","58",-75.19655217,43.99609985,"C",0.25,"5.3 Atlantic Highlands (5.3.1, 5.3.3)","NYS Combined"
"0905SUC0274","0905SUC0274_DH","58",-75.119698,44.1796,"C(T)",0.25,"5.3 Atlantic Highlands (5.3.1, 5.3.3)","NYS Combined"
"0905SYL0088","0905SYL0088_DH","83",-75.41115,44.25181,"AA",13.6,"8.0b Eastern Temperate Forests (8.1.10, 8.1.1)","NYS Combined"
"0906BLA0001","0906BLA0001_C","83",-75.568802,44.537998,"B",17.4,"8.0b Eastern Temperate Forests (8.1.10, 8.1.1)","NYS Combined"
"0906BON0024","0906BON0024_C","58",-75.382202,44.147499,"B",9.66,"5.3 Atlantic Highlands (5.3.1, 5.3.3)","NYS Combined"
"0906BUT0054","0906BUT0054_C","83",-75.7752,44.316502,"B",17.9,"8.0b Eastern Temperate Forests (8.1.10, 8.1.1)","NYS Combined"
"0906GRA0051","0906GRA0051_C","83",-75.715202,44.34,NA,0.897,"8.0b Eastern Temperate Forests (8.1.10, 8.1.1)","NYS Combined"
"0906HIC0004","0906HIC0004_DH","83",-75.5164,44.4641,"C",0.25,"8.0b Eastern Temperate Forests (8.1.10, 8.1.1)","NYS Combined"
"0906MIL0055","0906MIL0055_C","83",-75.767502,44.292198,"B",2.87,"8.0b Eastern Temperate Forests (8.1.10, 8.1.1)","NYS Combined"
"0906MUD0003","0906MUD0003_DH","83",-75.4616,44.5033,"C",3.2,"8.0b Eastern Temperate Forests (8.1.10, 8.1.1)","NYS Combined"
"0906MUD0005","0906MUD0005_DH","83",-75.59907605,44.37069182,"C",3.45,"8.0b Eastern Temperate Forests (8.1.10, 8.1.1)","NYS Combined"
"0906MUD0023","0906MUD0023_DH","58",-75.41365712,44.16139587,"B",8.6,"5.3 Atlantic Highlands (5.3.1, 5.3.3)","NYS Combined"
"0906MUS0008","0906MUS0008_DH","83",-75.68684271,44.3047493,"C",8.5,"8.0b Eastern Temperate Forests (8.1.10, 8.1.1)","NYS Combined"
"0906OTH0009","0906OTH0009_C","83",-75.727798,44.315399,"C",4.345,"8.0b Eastern Temperate Forests (8.1.10, 8.1.1)","NYS Combined"
"0906RED0010","0906RED0010_DH","83",-75.73636,44.26844,"C",19.8,"8.0b Eastern Temperate Forests (8.1.10, 8.1.1)","NYS Combined"
"0906SIX0056","0906SIX0056_C","83",-75.775002,44.2798,"B",3.43,"8.0b Eastern Temperate Forests (8.1.10, 8.1.1)","NYS Combined"
"1003CLE0199","1003CLE0199_DH","58",-74.25424595,44.36821807,"AA(T)",20.85,"5.3 Atlantic Highlands (5.3.1, 5.3.3)","NYS Combined"
"1003COL0106","1003COL0106_DH","58",-74.148192,44.345885,"A(T)",56.95,"5.3 Atlantic Highlands (5.3.1, 5.3.3)","NYS Combined"
"1003FRA5095","1003FRA5095_DH","58",-73.998312,44.415485,"C",17.4,"5.3 Atlantic Highlands (5.3.1, 5.3.3)","NYS Combined"
"1003KUS0055","1003KUS0055_DH","58",-74.113204,44.521043,"C(T)",0.25,"5.3 Atlantic Highlands (5.3.1, 5.3.3)","NYS Combined"
"1003LSA0104","1003LSA0104_DH","58",-74.178966,44.314595,"AA",11.3,"5.3 Atlantic Highlands (5.3.1, 5.3.3)","NYS Combined"
"1003MOO0083","1003MOO0083_DH","58",-74.061306,44.375333,"A(T)",0.25,"5.3 Atlantic Highlands (5.3.1, 5.3.3)","NYS Combined"
"1003POL0120","1003POL0120_DH","58",-74.34978,44.33775,"AA",1,"5.3 Atlantic Highlands (5.3.1, 5.3.3)","NYS Combined"
"1003ROL0168","1003ROL0168_DH","58",-74.414874,44.311988,"AA",0.25,"5.3 Atlantic Highlands (5.3.1, 5.3.3)","NYS Combined"
"1004AUG0213","1004AUG0213_C","83",-73.501404,44.457802,"A",48.45,"8.0b Eastern Temperate Forests (8.1.10, 8.1.1)","NYS Combined"
"1004FER0222","1004FER0222_DH","58",-73.72198,44.48764,"C(T)",5.7,"5.3 Atlantic Highlands (5.3.1, 5.3.3)","NYS Combined"
"1004LCA0270","1004LCA0270_DH","58",-73.873,44.227,"AA(T)",83,"5.3 Atlantic Highlands (5.3.1, 5.3.3)","NYS Combined"
"1004LIN0315","1004LIN0315_C","58",-73.580498,44.129902,"B(T)",35.2,"5.3 Atlantic Highlands (5.3.1, 5.3.3)","NYS Combined"
"1004MIR0250","1004MIR0250_C","58",-73.982101,44.289001,"B(T)",47.7,"5.3 Atlantic Highlands (5.3.1, 5.3.3)","NYS Combined"
"1004NIC0314","1004NIC0314_DH","58",-73.51469064,44.15789205,"C(T)",0.25,"5.3 Atlantic Highlands (5.3.1, 5.3.3)","NYS Combined"
"1004PLA0254","1004PLA0254_C","58",-73.959198,44.325199,"AA-S",0.601,"5.3 Atlantic Highlands (5.3.1, 5.3.3)","NYS Combined"
"1004UCA0271","1004UCA0271_DH","58",-73.88,44.222,"AA(T)",80.15,"5.3 Atlantic Highlands (5.3.1, 5.3.3)","NYS Combined"
"1005BAR0338","1005BAR0338_DH","83",-73.51178,44.1056,"AA(T)",6.05,"8.0b Eastern Temperate Forests (8.1.10, 8.1.1)","NYS Combined"
"1005BUT0452","1005BUT0452_DH","58",-73.73750305,43.37505341,"AA",0.25,"5.3 Atlantic Highlands (5.3.1, 5.3.3)","NYS Combined"
"1005BUT5350","1005BUT5350_DH","58",-73.72734833,43.34920502,"AA",6.95,"5.3 Atlantic Highlands (5.3.1, 5.3.3)","NYS Combined"
"1005GLE0441","1005GLE0441_C","59",-73.673202,43.363602,"B(T)",81.4,"8.0c Eastern Temperate Forests (8.1.7, 8.3.1, 8.4.1, 8.5.4)","NYS Combined"
"1005HAD0432","1005HAD0432_C","58",-73.571999,43.423698,"AA(T)",3.82,"5.3 Atlantic Highlands (5.3.1, 5.3.3)","NYS Combined"
"1005PUT0355","1005PUT0355_DH","58",-73.5836,43.8321,"C(T)",1,"5.3 Atlantic Highlands (5.3.1, 5.3.3)","NYS Combined"
"1005SUN0440","1005SUN0440_C","59",-73.639702,43.375301,"B",82.9,"8.0c Eastern Temperate Forests (8.1.7, 8.3.1, 8.4.1, 8.5.4)","NYS Combined"
"1005SUN0440","1005SUN0440_DH","59",-73.64014435,43.37562943,"B",90.8,"8.0c Eastern Temperate Forests (8.1.7, 8.3.1, 8.4.1, 8.5.4)","NYS Combined"
"1005UWB0454","1005UWB0454_DH","59",-73.68027496,43.31655502,"AA(T)",43.5,"8.0c Eastern Temperate Forests (8.1.7, 8.3.1, 8.4.1, 8.5.4)","NYS Combined"
"1005WIL0455A","1005WIL0455A_DH","58",-73.7557373,43.35289001,"AA(T)",0.25,"5.3 Atlantic Highlands (5.3.1, 5.3.3)","NYS Combined"
"1006GEO0367","1006GEO0367_BB_04","58",-73.667461,43.522617,"AA-S",20,"5.3 Atlantic Highlands (5.3.1, 5.3.3)","NYS Combined"
"1006GEO0367","1006GEO0367_DI_02","58",-73.676362,43.459052,"AA-S",19.95,"5.3 Atlantic Highlands (5.3.1, 5.3.3)","NYS Combined"
"1006GEO0367","1006GEO0367_GB_23","58",-73.463431,43.731988,"AA-S",18.65,"5.3 Atlantic Highlands (5.3.1, 5.3.3)","NYS Combined"
"1006GEO0367","1006GEO0367_HEART_24","58",-73.453983,43.806397,"AA-S",18.6,"5.3 Atlantic Highlands (5.3.1, 5.3.3)","NYS Combined"
"1006JAB0394","1006JAB0394_DH","58",-73.534611,43.70901,"AA-S",0.25,"5.3 Atlantic Highlands (5.3.1, 5.3.3)","NYS Combined"
"1006MUD0369","1006MUD0369_DH","58",-73.448,43.725,NA,1,"5.3 Atlantic Highlands (5.3.1, 5.3.3)","NYS Combined"
"1006UWBXXX1","1006UWBXXX1_DH","58",-73.5682373,43.66427231,NA,22.8,"5.3 Atlantic Highlands (5.3.1, 5.3.3)","NYS Combined"
"1101BAL1090","1101BAL1090_MAIN","59",-73.869303,42.913503,"A",72.15,"8.0c Eastern Temperate Forests (8.1.7, 8.3.1, 8.4.1, 8.5.4)","NYS Combined"
"1101BAL1090","1101BAL1090_SEC","59",-73.85863,42.93652,"A",76,"8.0c Eastern Temperate Forests (8.1.7, 8.3.1, 8.4.1, 8.5.4)","NYS Combined"
"1101MOR0101","1101MOR0101_DH","59",-73.71128932,43.23295513,"A(T)",10.85,"8.0c Eastern Temperate Forests (8.1.7, 8.3.1, 8.4.1, 8.5.4)","NYS Combined"
"1101SAR0027","1101SAR0027_C","59",-73.741501,43.016701,"A",66.1,"8.0c Eastern Temperate Forests (8.1.7, 8.3.1, 8.4.1, 8.5.4)","NYS Combined"
"1102BAB1109","1102BAB1109_C","58",-73.399498,42.816799,"A",9.15,"5.3 Atlantic Highlands (5.3.1, 5.3.3)","NYS Combined"
"1102LAU1121","1102LAU1121_DH","58",-73.37308,43.08912,"B",38.45,"5.3 Atlantic Highlands (5.3.1, 5.3.3)","NYS Combined"
"1102TAC1129","1102TAC1129_C","58",-73.412697,42.7355,"C(T)",1.25,"5.3 Atlantic Highlands (5.3.1, 5.3.3)","NYS Combined"
"1103COS0079","1103COS0079_C","58",-73.423401,43.2006,"A",18.35,"5.3 Atlantic Highlands (5.3.1, 5.3.3)","NYS Combined"
"1103SUM0080","1103SUM0080_C","58",-73.463203,43.210201,"AA",26.55,"5.3 Atlantic Highlands (5.3.1, 5.3.3)","NYS Combined"
"1104ABA0582A","1104ABA0582A_DH","58",-74.2544931,43.7721308,"B",4,"5.3 Atlantic Highlands (5.3.1, 5.3.3)","NYS Combined"
"1104ALG0276A","1104ALG0276A_DH","58",-74.292937,43.390575,"AA",10.25,"5.3 Atlantic Highlands (5.3.1, 5.3.3)","NYS Combined"
"1104ARB0684","1104ARB0684_DH","58",-74.23883474,43.98557472,"C",0.25,"5.3 Atlantic Highlands (5.3.1, 5.3.3)","NYS Combined"
"1104BEA0348","1104BEA0348_DH","58",-73.717399,43.748795,"AA-S",8.6,"5.3 Atlantic Highlands (5.3.1, 5.3.3)","NYS Combined"
"1104BRA0347","1104BRA0347_C","58",-73.702599,43.716099,"AA-S",9.065,"5.3 Atlantic Highlands (5.3.1, 5.3.3)","NYS Combined"
"1104BRA0347","1104BRA0347_DH","58",-73.68882,43.72637,"AA-S",8.8,"5.3 Atlantic Highlands (5.3.1, 5.3.3)","NYS Combined"
"1104CAT0685","1104CAT0685_DH","58",-74.26717445,44.01658743,"C(T)",0.25,"5.3 Atlantic Highlands (5.3.1, 5.3.3)","NYS Combined"
"1104CED0667","1104CED0667_DH","58",-74.477005,43.706787,"C(T)",0.25,"5.3 Atlantic Highlands (5.3.1, 5.3.3)","NYS Combined"
"1104CHEXXX1","1104CHEXXX1_DH","58",-73.98067061,43.93579736,NA,16.9,"5.3 Atlantic Highlands (5.3.1, 5.3.3)","NYS Combined"
"1104CLE0458","1104CLE0458_DH","58",-73.8265968,43.9977027,"B(T)",0.25,"5.3 Atlantic Highlands (5.3.1, 5.3.3)","NYS Combined"
"1104COU0690","1104COU0690_DH","58",-74.27350807,43.97834965,"C",8.6,"5.3 Atlantic Highlands (5.3.1, 5.3.3)","NYS Combined"
"1104DUC0387","1104DUC0387_DH","58",-73.97037865,43.86644171,NA,0.25,"5.3 Atlantic Highlands (5.3.1, 5.3.3)","NYS Combined"
"1104DUR0641A","1104DUR0641A_DH","58",-74.38453,43.839926,"C",14.3,"5.3 Atlantic Highlands (5.3.1, 5.3.3)","NYS Combined"
"1104EAG0438","1104EAG0438_C","58",-73.583099,43.880798,"B",29.4,"5.3 Atlantic Highlands (5.3.1, 5.3.3)","NYS Combined"
"1104EFN0129","1104EFN0129_C","58",-73.928596,43.2663,"B",50,"5.3 Atlantic Highlands (5.3.1, 5.3.3)","NYS Combined"
"1104ELK0460","1104ELK0460_DH","58",-73.8260547,44.0352876,"B",0.25,"5.3 Atlantic Highlands (5.3.1, 5.3.3)","NYS Combined"
"1104FIF0626C","1104FIF0626C_DH","58",-74.2346,43.88849,"C(T)",0.25,"5.3 Atlantic Highlands (5.3.1, 5.3.3)","NYS Combined"
"1104FOR0340","1104FOR0340_C","58",-73.770302,43.564899,"A",16.4,"5.3 Atlantic Highlands (5.3.1, 5.3.3)","NYS Combined"
"1104FOU0325","1104FOU0325_DH","58",-73.824646,43.35776901,"B",19.5,"5.3 Atlantic Highlands (5.3.1, 5.3.3)","NYS Combined"
"1104FRI0365","1104FRI0365_C","58",-73.844002,43.6259,"AA-S",5.25,"5.3 Atlantic Highlands (5.3.1, 5.3.3)","NYS Combined"
"1104GIL0281","1104GIL0281_DH","58",-74.31547,43.4648,"C(T)",0.005,"5.3 Atlantic Highlands (5.3.1, 5.3.3)","NYS Combined"
"1104GOO0265","1104GOO0265_DH","58",-74.539722,43.2494,"AA",0.25,"5.3 Atlantic Highlands (5.3.1, 5.3.3)","NYS Combined"
"1104GOO0672A","1104GOO0672A_C","58",-74.215897,43.917999,"C(T)",0.22,"5.3 Atlantic Highlands (5.3.1, 5.3.3)","NYS Combined"
"1104GRE0127","1104GRE0127_DH","58",-74.18209,43.10774,"B",7.45,"5.3 Atlantic Highlands (5.3.1, 5.3.3)","NYS Combined"
"1104HAR0189","1104HAR0189_DH","58",-74.07779182,43.40902887,"B(T)",5.8,"5.3 Atlantic Highlands (5.3.1, 5.3.3)","NYS Combined"
"1104HAR0680","1104HAR0680_DH","58",-74.14195,43.97511,"B",7.2,"5.3 Atlantic Highlands (5.3.1, 5.3.3)","NYS Combined"
"1104HEN0715","1104HEN0715_DH","58",-74.06724,44.08864,"AA(T)",0.25,"5.3 Atlantic Highlands (5.3.1, 5.3.3)","NYS Combined"
"1104HUN0131","1104HUN0131_C","58",-73.904999,43.2598,"B",14.3,"5.3 Atlantic Highlands (5.3.1, 5.3.3)","NYS Combined"
"1104IND0597","1104IND0597_DH","58",-74.302485,43.721748,"AA",1,"5.3 Atlantic Highlands (5.3.1, 5.3.3)","NYS Combined"
"1104IRE0136A","1104IRE0136A_DH","58",-74.02749,43.14436,"AA",1,"5.3 Atlantic Highlands (5.3.1, 5.3.3)","NYS Combined"
"1104JAC0151","1104JAC0151_DH","58",-74.283967,43.141617,"A",1,"5.3 Atlantic Highlands (5.3.1, 5.3.3)","NYS Combined"
"1104JEN0130","1104JEN0130_C","58",-73.912804,43.2673,"B",30.5,"5.3 Atlantic Highlands (5.3.1, 5.3.3)","NYS Combined"
"1104JOH0434","1104JOH0434_DH","58",-73.69485923,43.93709924,"C",2.7,"5.3 Atlantic Highlands (5.3.1, 5.3.3)","NYS Combined"
"1104LEN0332","1104LEN0332_DH","58",-74.01374,43.39668,"C(T)",1,"5.3 Atlantic Highlands (5.3.1, 5.3.3)","NYS Combined"
"1104LIV0212","1104LIV0212_DH","58",-74.046135,43.370429,"C",0.25,"5.3 Atlantic Highlands (5.3.1, 5.3.3)","NYS Combined"
"1104LOO0367","1104LOO0367_DH","58",-73.847869,43.667069,"AA-S",18.35,"5.3 Atlantic Highlands (5.3.1, 5.3.3)","NYS Combined"
"1104LUZ0318","1104LUZ0318_C","58",-73.832604,43.3228,"B",13.6,"5.3 Atlantic Highlands (5.3.1, 5.3.3)","NYS Combined"
"1104OVRXXX1","1104OVRXXX1_DH","58",-73.57740348,43.96066142,NA,0.25,"5.3 Atlantic Highlands (5.3.1, 5.3.3)","NYS Combined"
"1104OXB0252","1104OXB0252_DH","58",-74.48073629,43.44288563,"B",20.8,"5.3 Atlantic Highlands (5.3.1, 5.3.3)","NYS Combined"
"1104PAR0432","1104PAR0432_DH","58",-73.70432248,43.88431118,"AA(T)",7,"5.3 Atlantic Highlands (5.3.1, 5.3.3)","NYS Combined"
"1104PIS0234","1104PIS0234_DH","58",-74.54579527,43.41733396,"A(TS)",5.5,"5.3 Atlantic Highlands (5.3.1, 5.3.3)","NYS Combined"
"1104PLE0313","1104PLE0313_C","58",-74.3638,43.487202,"AA",12.4,"5.3 Atlantic Highlands (5.3.1, 5.3.3)","NYS Combined"
"1104RIC0152D","1104RIC0152D_DH","83",-74.3352491,43.0952181,"A",0.25,"8.0b Eastern Temperate Forests (8.1.10, 8.1.1)","NYS Combined"
"1104ROC0424","1104ROC0424_DH","58",-73.59618155,43.85263919,NA,0.25,"5.3 Atlantic Highlands (5.3.1, 5.3.3)","NYS Combined"
"1104ROC0637","1104ROC0637_DH","58",-74.3291379,43.8271142,NA,6.4,"5.3 Atlantic Highlands (5.3.1, 5.3.3)","NYS Combined"
"1104SAC0314","1104SAC0314_C","58",-74.4217,43.480598,"AA",8.825,"5.3 Atlantic Highlands (5.3.1, 5.3.3)","NYS Combined"
"1104SAC0314","1104SAC0314_DH","58",-74.42915828,43.48295501,"AA",9.65,"5.3 Atlantic Highlands (5.3.1, 5.3.3)","NYS Combined"
"1104SCH0374","1104SCH0374_NCSL","58",-73.755524,43.830651,"A",9.805,"5.3 Atlantic Highlands (5.3.1, 5.3.3)","NYS Combined"
"1104SCH0374","1104SCH0374_SCSL","58",-73.780701,43.756426,"A",10,"5.3 Atlantic Highlands (5.3.1, 5.3.3)","NYS Combined"
"1104STE0135","1104STE0135_DH","58",-74.060382,43.151806,"AA",0.005,"5.3 Atlantic Highlands (5.3.1, 5.3.3)","NYS Combined"
"1104THI0540","1104THI0540_DH","58",-74.122353,43.710662,"A(T)",0.25,"5.3 Atlantic Highlands (5.3.1, 5.3.3)","NYS Combined"
"1104THI0626A","1104THI0626A_DH","58",-74.249,43.87771,"C(T)",0.25,"5.3 Atlantic Highlands (5.3.1, 5.3.3)","NYS Combined"
"1104WAK0666","1104WAK0666_DH","58",-74.46774,43.73984,"C",0.25,"5.3 Atlantic Highlands (5.3.1, 5.3.3)","NYS Combined"
"1104WHI0603","1104WHI0603_DH","58",-74.380866,43.570328,"B",26.625,"5.3 Atlantic Highlands (5.3.1, 5.3.3)","NYS Combined"
"1201CAN0717","1201CAN0717_C","58",-74.529297,43.165402,"B(T)",7.37,"5.3 Atlantic Highlands (5.3.1, 5.3.3)","NYS Combined"
"1201COR0664","1201COR0664_DH","58",-74.46519,43.0374,"AA(T)",16.95,"5.3 Atlantic Highlands (5.3.1, 5.3.3)","NYS Combined"
"1201ECA0697","1201ECA0697_C","58",-74.480003,43.1278,"B",31.1,"5.3 Atlantic Highlands (5.3.1, 5.3.3)","NYS Combined"
"1201ECA0703A","1201ECA0703A_DH","83",-74.743015,43.026574,"C(T)",7.1,"8.0b Eastern Temperate Forests (8.1.10, 8.1.1)","NYS Combined"
"1201FEA0571","1201FEA0571_DH","83",-74.115836,42.814377,"C",79.3,"8.0b Eastern Temperate Forests (8.1.10, 8.1.1)","NYS Combined"
"1201GAL0563","1201GAL0563_C","83",-74.074501,43.030701,"B",27.85,"8.0b Eastern Temperate Forests (8.1.10, 8.1.1)","NYS Combined"
"1201HIN0690A","1201HIN0690A_DH","58",-74.35334,43.1085,"C",1,"5.3 Atlantic Highlands (5.3.1, 5.3.3)","NYS Combined"
"1201KLO0708","1201KLO0708_DH","58",-74.7879724,43.2319609,"C",0.25,"5.3 Atlantic Highlands (5.3.1, 5.3.3)","NYS Combined"
"1201MIRXXX1","1201MIRXXX1_DH","83",-74.99098206,43.03852463,"C",16.3,"8.0b Eastern Temperate Forests (8.1.10, 8.1.1)","NYS Combined"
"1201PEC0686","1201PEC0686_C","58",-74.4133,43.110599,"C",7.28,"5.3 Atlantic Highlands (5.3.1, 5.3.3)","NYS Combined"
"1201PLE0745","1201PLE0745_C","58",-74.5998,43.1884,"B",4.895,"5.3 Atlantic Highlands (5.3.1, 5.3.3)","NYS Combined"
"1201SPE0760","1201SPE0760_DH","58",-74.57240295,43.23885345,NA,0.25,"5.3 Atlantic Highlands (5.3.1, 5.3.3)","NYS Combined"
"1201UWB0706","1201UWB0706_DH","83",-74.8573088,43.14562513,"AA",10.6,"8.0b Eastern Temperate Forests (8.1.10, 8.1.1)","NYS Combined"
"1201UWB0940A","1201UWB0940A_DH","83",-75.031357,42.986599,"A(T)",31.6,"8.0b Eastern Temperate Forests (8.1.10, 8.1.1)","NYS Combined"
"1201UWB5549","1201UWB5549_DH","59",-73.69744873,42.75484085,NA,244,"8.0c Eastern Temperate Forests (8.1.7, 8.3.1, 8.4.1, 8.5.4)","NYS Combined"
"1201UWBXXX3","1201UWBXXX3_DH","83",-75.25609754,42.98511354,NA,90,"8.0b Eastern Temperate Forests (8.1.10, 8.1.1)","NYS Combined"
"1201VAN0689","1201VAN0689_DH","58",-74.36404419,43.11776352,"C",2.6,"5.3 Atlantic Highlands (5.3.1, 5.3.3)","NYS Combined"
"1201WCA0698","1201WCA0698_C","58",-74.495499,43.1371,"B(T)",17.5,"5.3 Atlantic Highlands (5.3.1, 5.3.3)","NYS Combined"
"1201WOO0690","1201WOO0690_DH","58",-74.336,43.119,"C",1,"5.3 Atlantic Highlands (5.3.1, 5.3.3)","NYS Combined"
"1202COB0583","1202COB0583_DH","60",-74.44320679,42.66648865,"A",5.7,"8.0a Eastern Temperate Forests (8.1.3)","NYS Combined"
"1202COL0649","1202COL0649_DH","58",-74.120615,42.237263,"C(T)",0.25,"5.3 Atlantic Highlands (5.3.1, 5.3.3)","NYS Combined"
"1202ECH0605","1202ECH0605_DH","83",-74.19565582,42.70764923,"C",11.5,"8.0b Eastern Temperate Forests (8.1.10, 8.1.1)","NYS Combined"
"1202ENG0589","1202ENG0589_DH","83",-74.65219879,42.75690079,"A",7.3,"8.0b Eastern Temperate Forests (8.1.10, 8.1.1)","NYS Combined"
"1202FAW0605B","1202FAW0605B_DH","60",-74.16771,42.56197,"C",0.5025,"8.0a Eastern Temperate Forests (8.1.3)","NYS Combined"
"1202RIP0656A","1202RIP0656A_DH","58",-74.130031,42.192436,"B",37,"5.3 Atlantic Highlands (5.3.1, 5.3.3)","NYS Combined"
"1202ROS0616","1202ROS0616_DH","60",-74.53008,42.59662,"C",1,"8.0a Eastern Temperate Forests (8.1.3)","NYS Combined"
"1202TAN0655D","1202TAN0655D_DH","58",-74.15938568,42.21092224,NA,0.25,"5.3 Atlantic Highlands (5.3.1, 5.3.3)","NYS Combined"
"1202TUB0605C","1202TUB0605C_DH","60",-74.177467,42.57045,NA,0.0255,"8.0a Eastern Temperate Forests (8.1.3)","NYS Combined"
"1202UWB5180","1202UWB5180_DH","83",-74.04696655,42.62204361,NA,12.5,"8.0b Eastern Temperate Forests (8.1.10, 8.1.1)","NYS Combined"
"1203DEE0911","1203DEE0911_DH","58",-74.7613776,43.5549109,"C(T)",0.25,"5.3 Atlantic Highlands (5.3.1, 5.3.3)","NYS Combined"
"1203DIA0822","1203DIA0822_DH","58",-74.72993,43.30721,"C",1,"5.3 Atlantic Highlands (5.3.1, 5.3.3)","NYS Combined"
"1203GLA0859","1203GLA0859_DH","58",-74.63289642,43.41450119,"C(T)",0.25,"5.3 Atlantic Highlands (5.3.1, 5.3.3)","NYS Combined"
"1203HIN0799","1203HIN0799_DH","83",-75.10744,43.31119,"AA(T)",2.5,"8.0b Eastern Temperate Forests (8.1.10, 8.1.1)","NYS Combined"
"1203JER0817","1203JER0817_DH","58",-74.76599,43.30481,"C(T)",1,"5.3 Atlantic Highlands (5.3.1, 5.3.3)","NYS Combined"
"1203MET0821","1203MET0821_DH","58",-74.71913147,43.29958344,"C",0.25,"5.3 Atlantic Highlands (5.3.1, 5.3.3)","NYS Combined"
"1203UWB0798E","1203UWB0798E_DH","83",-75.1487754,43.2657319,NA,0.25,"8.0b Eastern Temperate Forests (8.1.10, 8.1.1)","NYS Combined"
"1301BAR0181","1301BAR0181_C","59",-73.812698,41.359501,"B",102,"8.0c Eastern Temperate Forests (8.1.7, 8.3.1, 8.4.1, 8.5.4)","NYS Combined"
"1301BOW0444","1301BOW0444_C","58",-73.487999,42.6483,"B",31.95,"5.3 Atlantic Highlands (5.3.1, 5.3.3)","NYS Combined"
"1301BUC0303","1301BUC0303_C","59",-73.807098,42.663502,NA,269.5,"8.0c Eastern Temperate Forests (8.1.7, 8.3.1, 8.4.1, 8.5.4)","NYS Combined"
"1301BUR0386C","1301BUR0386C_C","58",-73.561401,42.5947,"B",53.95,"5.3 Atlantic Highlands (5.3.1, 5.3.3)","NYS Combined"
"1301CAN0168A","1301CAN0168A_DH","58",-73.83495,41.45542,"A",36.2,"5.3 Atlantic Highlands (5.3.1, 5.3.3)","NYS Combined"
"1301CHA0341A","1301CHA0341A_DH","59",-74.066789,41.557887,"A",56.95,"8.0c Eastern Temperate Forests (8.1.7, 8.3.1, 8.4.1, 8.5.4)","NYS Combined"
"1301CRO1033","1301CRO1033_DH","59",-73.96251239,40.78235591,"AA",35.3,"8.0c Eastern Temperate Forests (8.1.7, 8.3.1, 8.4.1, 8.5.4)","NYS Combined"
"1301FOR0441","1301FOR0441_C","58",-73.460998,42.732101,"A",0.69,"5.3 Atlantic Highlands (5.3.1, 5.3.3)","NYS Combined"
"1301GLA0394","1301GLA0394_C","58",-73.5308,42.623001,"B(T)",25.05,"5.3 Atlantic Highlands (5.3.1, 5.3.3)","NYS Combined"
"1301IND0167","1301IND0167_C","58",-73.887703,41.3731,"A",5.59,"5.3 Atlantic Highlands (5.3.1, 5.3.3)","NYS Combined"
"1301LON0428","1301LON0428_C","58",-73.438698,42.792099,"A(T)",1,"5.3 Atlantic Highlands (5.3.1, 5.3.3)","NYS Combined"
"1301MEL0331","1301MEL0331_DH","58",-73.96854401,41.47183228,"A",0.25,"5.3 Atlantic Highlands (5.3.1, 5.3.3)","NYS Combined"
"1301MOH0179","1301MOH0179_C","59",-73.848801,41.313999,"B",182.5,"8.0c Eastern Temperate Forests (8.1.7, 8.3.1, 8.4.1, 8.5.4)","NYS Combined"
"1301ORA0340","1301ORA0340_C","59",-74.103699,41.548801,"B",61.1,"8.0c Eastern Temperate Forests (8.1.7, 8.3.1, 8.4.1, 8.5.4)","NYS Combined"
"1301PEE0171","1301PEE0171_C","58",-73.882797,41.3395,"B",111.5,"5.3 Atlantic Highlands (5.3.1, 5.3.3)","NYS Combined"
"1301ROA0183B","1301ROA0183B_C","58",-73.807503,41.438801,"B",74.2,"5.3 Atlantic Highlands (5.3.1, 5.3.3)","NYS Combined"
"1301SEP0826","1301SEP0826_C","59",-73.837601,41.959801,"B",13.85,"8.0c Eastern Temperate Forests (8.1.7, 8.3.1, 8.4.1, 8.5.4)","NYS Combined"
"1301SHA0424","1301SHA0424_C","58",-73.457298,42.779598,"A(T)",1,"5.3 Atlantic Highlands (5.3.1, 5.3.3)","NYS Combined"
"1301SLE6666","1301SLE6666_C","59",-73.8069,42.294399,"A",24.05,"8.0c Eastern Temperate Forests (8.1.7, 8.3.1, 8.4.1, 8.5.4)","NYS Combined"
"1301TIB0183E","1301TIB0183E_C","58",-73.778198,41.451199,"B",29.9,"5.3 Atlantic Highlands (5.3.1, 5.3.3)","NYS Combined"
"1301TOM0150I","1301TOM0150I_C","58",-73.990303,41.271599,"B",16.75,"5.3 Atlantic Highlands (5.3.1, 5.3.3)","NYS Combined"
"1301VLY0262A","1301VLY0262A_DH","59",-73.95523,42.61486,"C",40.25,"8.0c Eastern Temperate Forests (8.1.7, 8.3.1, 8.4.1, 8.5.4)","NYS Combined"
"1301VOS0433","1301VOS0433_C","58",-73.5606,42.656898,"C(T)",28.4,"5.3 Atlantic Highlands (5.3.1, 5.3.3)","NYS Combined"
"1301WIC0183A","1301WIC0183A_DH","58",-73.82243347,41.42268753,"A",13.8,"5.3 Atlantic Highlands (5.3.1, 5.3.3)","NYS Combined"
"1302BAR0071","1302BAR0071_C","58",-73.740601,41.434399,"B",31.6,"5.3 Atlantic Highlands (5.3.1, 5.3.3)","NYS Combined"
"1302CAR0062A","1302CAR0062A_C","58",-73.665001,41.4585,"B",89.5,"5.3 Atlantic Highlands (5.3.1, 5.3.3)","NYS Combined"
"1302CHI0075","1302CHI0075_C","58",-73.7435,41.441898,"B",33,"5.3 Atlantic Highlands (5.3.1, 5.3.3)","NYS Combined"
"1302HEM0103H","1302HEM0103H_DH","59",-73.56111908,41.30975342,NA,0.25,"8.0c Eastern Temperate Forests (8.1.7, 8.3.1, 8.4.1, 8.5.4)","NYS Combined"
"1302HOW0127","1302HOW0127_C","59",-73.703697,41.194801,"B",43.4,"8.0c Eastern Temperate Forests (8.1.7, 8.3.1, 8.4.1, 8.5.4)","NYS Combined"
"1302KAT0107A","1302KAT0107A_C","59",-73.654999,41.285301,"B",176.5,"8.0c Eastern Temperate Forests (8.1.7, 8.3.1, 8.4.1, 8.5.4)","NYS Combined"
"1302KEN5213","1302KEN5213_C","58",-73.696602,41.483799,NA,29.9,"5.3 Atlantic Highlands (5.3.1, 5.3.3)","NYS Combined"
"1302KIR0052","1302KIR0052_C","58",-73.749802,41.385601,"B",83.8,"5.3 Atlantic Highlands (5.3.1, 5.3.3)","NYS Combined"
"1302LIN0057A","1302LIN0057A_C","59",-73.725403,41.341999,"B",179,"8.0c Eastern Temperate Forests (8.1.7, 8.3.1, 8.4.1, 8.5.4)","NYS Combined"
"1302OSC0118","1302OSC0118_C","59",-73.561401,41.296501,"B",25.15,"8.0c Eastern Temperate Forests (8.1.7, 8.3.1, 8.4.1, 8.5.4)","NYS Combined"
"1302PAL0061A","1302PAL0061A_C","58",-73.673401,41.438702,"B",77.1,"5.3 Atlantic Highlands (5.3.1, 5.3.3)","NYS Combined"
"1302PEA0093","1302PEA0093_C","59",-73.580002,41.362999,"B",61.45,"8.0c Eastern Temperate Forests (8.1.7, 8.3.1, 8.4.1, 8.5.4)","NYS Combined"
"1302PUT0093B","1302PUT0093B_C","58",-73.539597,41.4664,"B",99.4,"5.3 Atlantic Highlands (5.3.1, 5.3.3)","NYS Combined"
"1302RIP0119","1302RIP0119_C","59",-73.562798,41.300098,"B",29,"8.0c Eastern Temperate Forests (8.1.7, 8.3.1, 8.4.1, 8.5.4)","NYS Combined"
"1302SAG0076J","1302SAG0076J_C","58",-73.780899,41.473202,"B",47.85,"5.3 Atlantic Highlands (5.3.1, 5.3.3)","NYS Combined"
"1302SEV0077C","1302SEV0077C_C","58",-73.749199,41.4841,"B",54.15,"5.3 Atlantic Highlands (5.3.1, 5.3.3)","NYS Combined"
"1302UWB0044H","1302UWB0044H_C","59",-73.663101,41.2939,NA,146,"8.0c Eastern Temperate Forests (8.1.7, 8.3.1, 8.4.1, 8.5.4)","NYS Combined"
"1302WAC0117","1302WAC0117_C","59",-73.584099,41.297699,"A",32.1,"8.0c Eastern Temperate Forests (8.1.7, 8.3.1, 8.4.1, 8.5.4)","NYS Combined"
"1303ORA0239D","1303ORA0239D_DH","58",-74.197918,41.349875,"B",221,"5.3 Atlantic Highlands (5.3.1, 5.3.3)","NYS Combined"
"1304BEA0345A","1304BEA0345A_DH","58",-73.88392,41.49031,"A",27.4,"5.3 Atlantic Highlands (5.3.1, 5.3.3)","NYS Combined"
"1305COL0404","1305COL0404_DH","58",-73.7108,41.915901,NA,5.5,"5.3 Atlantic Highlands (5.3.1, 5.3.3)","NYS Combined"
"1305SIL0378","1305SIL0378_DH","59",-73.80319977,41.91559982,"AA(T)",20.55,"8.0c Eastern Temperate Forests (8.1.7, 8.3.1, 8.4.1, 8.5.4)","NYS Combined"
"1305STI0409","1305STI0409_C","58",-73.673599,41.971548,"B",53.5,"5.3 Atlantic Highlands (5.3.1, 5.3.3)","NYS Combined"
"1306AWO0781","1306AWO0781_P","59",-74.28994,41.70599,"AA(T)",0.25,"8.0c Eastern Temperate Forests (8.1.7, 8.3.1, 8.4.1, 8.5.4)","NYS Combined"
"1306MIN0775","1306MIN0775_I","59",-74.236615,41.72394,"AA(T)",0.25,"8.0c Eastern Temperate Forests (8.1.7, 8.3.1, 8.4.1, 8.5.4)","NYS Combined"
"1306MIN0775","1306MIN0775_O","59",-74.233578,41.722191,"AA(T)",0.25,"8.0c Eastern Temperate Forests (8.1.7, 8.3.1, 8.4.1, 8.5.4)","NYS Combined"
"1306MIN0775","1306MIN0775_P","59",-74.236094,41.728116,"AA(T)",0.25,"8.0c Eastern Temperate Forests (8.1.7, 8.3.1, 8.4.1, 8.5.4)","NYS Combined"
"1306STU0453A","1306STU0453A_DH","59",-74.03964,41.84765,"B",53.5,"8.0c Eastern Temperate Forests (8.1.7, 8.3.1, 8.4.1, 8.5.4)","NYS Combined"
"1306ULS0799","1306ULS0799_C","60",-74.489601,41.772701,"B(T)",10.65,"8.0a Eastern Temperate Forests (8.1.3)","NYS Combined"
"1306UWB0464B","1306UWB0464B_C","59",-74.220398,41.650299,NA,19.9,"8.0c Eastern Temperate Forests (8.1.7, 8.3.1, 8.4.1, 8.5.4)","NYS Combined"
"1308LONXXX1","1308LONXXX1_C","58",-73.591197,42.069143,"B",32.2,"5.3 Atlantic Highlands (5.3.1, 5.3.3)","NYS Combined"
"1308LRH0888","1308LRH0888_C","58",-73.594101,42.079399,"B",36.4,"5.3 Atlantic Highlands (5.3.1, 5.3.3)","NYS Combined"
"1308ROB0902","1308ROB0902_C","58",-73.555298,42.118099,"B(T)",39.7,"5.3 Atlantic Highlands (5.3.1, 5.3.3)","NYS Combined"
"1310BLA0N80B","1310BLA0N80B_DH","58",-73.4095993,42.61769867,"B(T)",13.15,"5.3 Atlantic Highlands (5.3.1, 5.3.3)","NYS Combined"
"1310KIN0024","1310KIN0024_C","59",-73.660103,42.452599,"B",44.75,"8.0c Eastern Temperate Forests (8.1.7, 8.3.1, 8.4.1, 8.5.4)","NYS Combined"
"1310NAS0034","1310NAS0034_C","58",-73.603798,42.538101,"B",34.25,"5.3 Atlantic Highlands (5.3.1, 5.3.3)","NYS Combined"
"1310QUE0057","1310QUE0057_C","58",-73.414703,42.4072,"B(T)",24.25,"5.3 Atlantic Highlands (5.3.1, 5.3.3)","NYS Combined"
"1310ROU0080","1310ROU0080_C","58",-73.435501,42.644699,"A",14.55,"5.3 Atlantic Highlands (5.3.1, 5.3.3)","NYS Combined"
"1310SPR0081","1310SPR0081_C","58",-73.421501,42.6535,"B",11.5,"5.3 Atlantic Highlands (5.3.1, 5.3.3)","NYS Combined"
"1311DUA0276A","1311DUA0276A_C","83",-74.112602,42.7491,"B",44.75,"8.0b Eastern Temperate Forests (8.1.10, 8.1.1)","NYS Combined"
"1311WAT0270","1311WAT0270_DH","59",-73.96191,42.7108,"A",61.25,"8.0c Eastern Temperate Forests (8.1.7, 8.3.1, 8.4.1, 8.5.4)","NYS Combined"
"1401ANA0251","1401ANA0251_C","60",-74.962898,41.857498,"B(T)",17.8,"8.0a Eastern Temperate Forests (8.1.3)","NYS Combined"
"1401CHA0173A","1401CHA0173A_DH","60",-74.82829778,41.51714736,"B(T)",7.5,"8.0a Eastern Temperate Forests (8.1.3)","NYS Combined"
"1401CHE0106","1401CHE0106_DH","60",-74.869989,41.66137,"B",13.4,"8.0a Eastern Temperate Forests (8.1.3)","NYS Combined"
"1401CRY0260","1401CRY0260_DH","60",-75.02591439,41.87213617,"B(TS)",0.25,"8.0a Eastern Temperate Forests (8.1.3)","NYS Combined"
"1401HUN0216","1401HUN0216_DH","60",-74.990208,41.683113,"B(T)",51.45,"8.0a Eastern Temperate Forests (8.1.3)","NYS Combined"
"1401IND0102","1401IND0102_DH","60",-74.88495,41.65239,"B",1,"8.0a Eastern Temperate Forests (8.1.3)","NYS Combined"
"1401MON0096A","1401MON0096A_DH","60",-74.774678,41.546043,"B",30.8,"8.0a Eastern Temperate Forests (8.1.3)","NYS Combined"
"1401MON0186","1401MON0186_C","60",-74.917297,41.525299,"B",34.05,"8.0a Eastern Temperate Forests (8.1.3)","NYS Combined"
"1401MOU0114","1401MOU0114_DH","60",-74.81203,41.65821,"B",24.2,"8.0a Eastern Temperate Forests (8.1.3)","NYS Combined"
"1401RIO0079A","1401RIO0079A_DH","60",-74.756359,41.480212,"B(T)",18.2,"8.0a Eastern Temperate Forests (8.1.3)","NYS Combined"
"1401SAN0176","1401SAN0176_DH","60",-74.842364,41.512554,"B",1,"8.0a Eastern Temperate Forests (8.1.3)","NYS Combined"
"1401SOM0268","1401SOM0268_C","60",-75.228996,41.910198,"B",48.4,"8.0a Eastern Temperate Forests (8.1.3)","NYS Combined"
"1401STU0245","1401STU0245_C","60",-74.900497,41.8367,"B(T)",9.55,"8.0a Eastern Temperate Forests (8.1.3)","NYS Combined"
"1401SUP0104","1401SUP0104_DH","60",-74.874768,41.66428,"B",11.4,"8.0a Eastern Temperate Forests (8.1.3)","NYS Combined"
"1401SWA0211","1401SWA0211_DH","60",-74.98752,41.58822,"B",7.2,"8.0a Eastern Temperate Forests (8.1.3)","NYS Combined"
"1401TOR0100A","1401TOR0100A_DH","60",-74.834722,41.625092,"B",11.9,"8.0a Eastern Temperate Forests (8.1.3)","NYS Combined"
"1401YOR0203","1401YOR0203_DH","60",-74.9697,41.50011,"B",1,"8.0a Eastern Temperate Forests (8.1.3)","NYS Combined"
"1402EAS0055","1402EAS0055_DH","60",-74.57977342,41.73254128,"AA",2.45,"8.0a Eastern Temperate Forests (8.1.3)","NYS Combined"
"1402EVE0050A","1402EVE0050A_DH","60",-74.652425,41.765001,"B",98.55,"8.0a Eastern Temperate Forests (8.1.3)","NYS Combined"
"1402GUY0014","1402GUY0014_C","59",-74.6008,41.428398,"B",28.5,"8.0c Eastern Temperate Forests (8.1.7, 8.3.1, 8.4.1, 8.5.4)","NYS Combined"
"1402GUY0014","1402GUY0014_DH","59",-74.59609222,41.43192291,"B",21.2,"8.0c Eastern Temperate Forests (8.1.7, 8.3.1, 8.4.1, 8.5.4)","NYS Combined"
"1402HAW0005A","1402HAW0005A_DH","59",-74.62420824,41.37693589,"B",101.85,"8.0c Eastern Temperate Forests (8.1.7, 8.3.1, 8.4.1, 8.5.4)","NYS Combined"
"1402KIA0044","1402KIA0044_DH","60",-74.667443,41.675805,"A",65.05,"8.0a Eastern Temperate Forests (8.1.3)","NYS Combined"
"1402LOU0040","1402LOU0040_DH","60",-74.584166,41.613428,"A",81.5,"8.0a Eastern Temperate Forests (8.1.3)","NYS Combined"
"1402MAR0002","1402MAR0002_DH","59",-74.652786,41.401763,"B",11.3,"8.0c Eastern Temperate Forests (8.1.7, 8.3.1, 8.4.1, 8.5.4)","NYS Combined"
"1402MOR0050","1402MOR0050_DH","60",-74.65291,41.75116,"B",31,"8.0a Eastern Temperate Forests (8.1.3)","NYS Combined"
"1402PLE0045","1402PLE0045_C","60",-74.627998,41.696098,"B",34.25,"8.0a Eastern Temperate Forests (8.1.3)","NYS Combined"
"1402RE10003","1402RE10003_DH","60",-74.69037155,41.3902961,"AA",2.9,"8.0a Eastern Temperate Forests (8.1.3)","NYS Combined"
"1402WOL0037","1402WOL0037_DH","60",-74.60121291,41.58917829,"B",13.6,"8.0a Eastern Temperate Forests (8.1.3)","NYS Combined"
"1402YAN0021","1402YAN0021_C","60",-74.553101,41.584999,"B",41.3,"8.0a Eastern Temperate Forests (8.1.3)","NYS Combined"
"1403BIG0345","1403BIG0345_DH","58",-74.72397,42.04661,"B",0.25,"5.3 Atlantic Highlands (5.3.1, 5.3.3)","NYS Combined"
"1403MON0328","1403MON0328_DH","58",-74.68976,41.96273,NA,1,"5.3 Atlantic Highlands (5.3.1, 5.3.3)","NYS Combined"
"1403TRO0287","1403TRO0287_DH","60",-74.94577017,42.01019578,"C(TS)",0.25,"8.0a Eastern Temperate Forests (8.1.3)","NYS Combined"
"1403WAN0338","1403WAN0338_DH","60",-74.829374,41.964043,"B",6.5,"8.0a Eastern Temperate Forests (8.1.3)","NYS Combined"
"1404BEA0401","1404BEA0401_DH","60",-75.37921,42.20018,"C",18.5,"8.0a Eastern Temperate Forests (8.1.3)","NYS Combined"
"1404DEE0389","1404DEE0389_C","60",-75.553398,42.059601,"B",37.15,"8.0a Eastern Temperate Forests (8.1.3)","NYS Combined"
"1404LAU0382","1404LAU0382_C","60",-75.480301,42.010399,"B",50,"8.0a Eastern Temperate Forests (8.1.3)","NYS Combined"
"1404OQU0383","1404OQU0383_C","60",-75.459396,42.0224,"AA",15.65,"8.0a Eastern Temperate Forests (8.1.3)","NYS Combined"
"1404RUS0410","1404RUS0410_DH","60",-75.09582,42.12153,"C(TS)",0.25,"8.0a Eastern Temperate Forests (8.1.3)","NYS Combined"
"1501CON0984","1501CON0984_DH","59",-73.939533,41.143631,"B",79.1,"8.0c Eastern Temperate Forests (8.1.7, 8.3.1, 8.4.1, 8.5.4)","NYS Combined"
"1501DEF0977A","1501DEF0977A_DH","59",-73.957611,41.15722,"A",96.15,"8.0c Eastern Temperate Forests (8.1.7, 8.3.1, 8.4.1, 8.5.4)","NYS Combined"
"1501GRE1026","1501GRE1026_DH","58",-74.30764765,41.2028788,"A(T)",57.6,"5.3 Atlantic Highlands (5.3.1, 5.3.3)","NYS Combined"
"1501LUC0982B","1501LUC0982B_C","59",-73.997803,41.183701,"B",62.1,"8.0c Eastern Temperate Forests (8.1.7, 8.3.1, 8.4.1, 8.5.4)","NYS Combined"
"1501MOM1010","1501MOM1010_DH","58",-74.20555,41.281428,"A",53.8,"5.3 Atlantic Highlands (5.3.1, 5.3.3)","NYS Combined"
"1501ROC0985","1501ROC0985_DH","59",-73.923,41.139,"B",66.2,"8.0c Eastern Temperate Forests (8.1.7, 8.3.1, 8.4.1, 8.5.4)","NYS Combined"
"1501SWA0984A","1501SWA0984A_DH","59",-73.930765,41.151387,"B",74.6,"8.0c Eastern Temperate Forests (8.1.7, 8.3.1, 8.4.1, 8.5.4)","NYS Combined"
"1501TUX1007","1501TUX1007_C","58",-74.205803,41.2015,"AA(T)",30.1,"5.3 Atlantic Highlands (5.3.1, 5.3.3)","NYS Combined"
"1501UWB1006","1501UWB1006_C","58",-74.2005,41.210602,NA,54.4,"5.3 Atlantic Highlands (5.3.1, 5.3.3)","NYS Combined"
"1501WEE1005","1501WEE1005_C","58",-74.194603,41.215599,"B",36.2,"5.3 Atlantic Highlands (5.3.1, 5.3.3)","NYS Combined"
"1601UWBXXX1","1601UWBXXX1_DH","58",-73.54440308,41.79470062,NA,30.3,"5.3 Atlantic Highlands (5.3.1, 5.3.3)","NYS Combined"
"1701AGA0815","1701AGA0815_US1","59",-72.39204716,40.879438,"C",186,"8.0c Eastern Temperate Forests (8.1.7, 8.3.1, 8.4.1, 8.5.4)","NYS Combined"
"1701AGA0815","1701AGA0815_US2","59",-72.3919879,40.87496198,"C",189.5,"8.0c Eastern Temperate Forests (8.1.7, 8.3.1, 8.4.1, 8.5.4)","NYS Combined"
"1701AGA0815","1701AGA0815_US3","59",-72.39263766,40.87154858,"C",189.5,"8.0c Eastern Temperate Forests (8.1.7, 8.3.1, 8.4.1, 8.5.4)","NYS Combined"
"1701CAN0889","1701CAN0889_DH","59",-73.021322,40.78758,"B(T)",58.7,"8.0c Eastern Temperate Forests (8.1.7, 8.3.1, 8.4.1, 8.5.4)","NYS Combined"
"1701FRE0458","1701FRE0458_C","59",-72.336304,41.056999,"C",57.35,"8.0c Eastern Temperate Forests (8.1.7, 8.3.1, 8.4.1, 8.5.4)","NYS Combined"
"1701FRE0661","1701FRE0661_C","59",-72.4188,40.922199,"B",40.1,"8.0c Eastern Temperate Forests (8.1.7, 8.3.1, 8.4.1, 8.5.4)","NYS Combined"
"1701GRE0885","1701GRE0885_DH","59",-73.020075,40.767783,"B",61.5,"8.0c Eastern Temperate Forests (8.1.7, 8.3.1, 8.4.1, 8.5.4)","NYS Combined"
"1701LAU0496","1701LAU0496_DH","59",-72.55756,40.97877,"A",9,"8.0c Eastern Temperate Forests (8.1.7, 8.3.1, 8.4.1, 8.5.4)","NYS Combined"
"1701LFR0662","1701LFR0662_C","59",-72.408501,40.918201,"B",15,"8.0c Eastern Temperate Forests (8.1.7, 8.3.1, 8.4.1, 8.5.4)","NYS Combined"
"1701LLO0708","1701LLO0708_C","59",-72.296204,40.9776,"C",26.15,"8.0c Eastern Temperate Forests (8.1.7, 8.3.1, 8.4.1, 8.5.4)","NYS Combined"
"1701LON0702","1701LON0702_C","59",-72.290802,40.975102,"C",19.55,"8.0c Eastern Temperate Forests (8.1.7, 8.3.1, 8.4.1, 8.5.4)","NYS Combined"
"1701LOW0855","1701LOW0855_DH","59",-72.91901,40.83476,"C(T)",29.5,"8.0c Eastern Temperate Forests (8.1.7, 8.3.1, 8.4.1, 8.5.4)","NYS Combined"
"1701MAR0495","1701MAR0495_DH","59",-72.524209,40.993158,"A",23.2,"8.0c Eastern Temperate Forests (8.1.7, 8.3.1, 8.4.1, 8.5.4)","NYS Combined"
"1701PEC0555","1701PEC0555_DH","59",-72.722454,40.913837,"B",29.5,"8.0c Eastern Temperate Forests (8.1.7, 8.3.1, 8.4.1, 8.5.4)","NYS Combined"
"1702BRY1106","1702BRY1106_DH","59",-73.69329,41.1728,"AA",79.95,"8.0c Eastern Temperate Forests (8.1.7, 8.3.1, 8.4.1, 8.5.4)","NYS Combined"
"1702NEW0292","1702NEW0292_DH","59",-73.227769,40.842803,"C(T)",57.2,"8.0c Eastern Temperate Forests (8.1.7, 8.3.1, 8.4.1, 8.5.4)","NYS Combined"
"1702OAK0107","1702OAK0107_DH","59",-73.758486,40.759274,"B",223,"8.0c Eastern Temperate Forests (8.1.7, 8.3.1, 8.4.1, 8.5.4)","NYS Combined"
"1702SHE1087","1702SHE1087_DH","59",-73.77392,40.95204,"A",91.3,"8.0c Eastern Temperate Forests (8.1.7, 8.3.1, 8.4.1, 8.5.4)","NYS Combined"
"1702UWB0159","1702UWB0159_DH","59",-73.46031812,40.85133319,NA,66.5,"8.0c Eastern Temperate Forests (8.1.7, 8.3.1, 8.4.1, 8.5.4)","NYS Combined"
