"LAKE_WATERBODY_NAME","SAMPLE_DATE","SAMPLE_TIME","INFORMATION_TYPE","CHARACTERISTIC_NAME","RSLT_RESULT_SAMPLE_FRACTION","RSLT_RESULT_UNIT","RSLT_RESULT_VALUE","HS_HAB_STATUS","HS_HAB_STATUS_DATE","HS_HAB_STATUS_REMARK"
"ALLEGHENY RESERVOIR",2006-07-05,"2006-07-05 00:00:00","Depth Profile","PH",NA,"pH units",8.64,NA,NA,NA
"ALLEGHENY RESERVOIR",2006-07-05,"2006-07-05 00:00:00","Depth Profile","SPECIFIC CONDUCTANCE",NA,"uS/cm",49.2,NA,NA,NA
"ALLEGHENY RESERVOIR",2006-07-05,"2006-07-05 00:00:00","Open Water","ALKALINITY, TOTAL (AS CACO3)","TOTAL","mg/L",28,NA,NA,NA
"ALLEGHENY RESERVOIR",2006-07-05,"2006-07-05 00:00:00","Open Water","APPARENT COLOR","TOTAL","color units",44,NA,NA,NA
"ALLEGHENY RESERVOIR",2006-07-05,"2006-07-05 00:00:00","Open Water","CALCIUM","TOTAL","mg/L",13.94,NA,NA,NA
"ALLEGHENY RESERVOIR",2006-07-05,"2006-07-05 00:00:00","Open Water","CHLOROPHYLL A","TOTAL","ug/L",14.44,NA,NA,NA
"ALLEGHENY RESERVOIR",2006-07-05,"2006-07-05 00:00:00","Open Water","MAGNESIUM","TOTAL","ug/L",3000,NA,NA,NA
"ALLEGHENY RESERVOIR",2006-07-05,"2006-07-05 00:00:00","Open Water","NITROGEN, AMMONIA (AS N)","TOTAL","mg/L",0.032,NA,NA,NA
"ALLEGHENY RESERVOIR",2006-07-05,"2006-07-05 00:00:00","Open Water","NITROGEN, TOTAL","TOTAL","mg/L",0.288,NA,NA,NA
"ALLEGHENY RESERVOIR",2006-07-05,"2006-07-05 00:00:00","Open Water","NITROGEN, TOTAL DISSOLVED","DISSOLVED","mg/L",0.717,NA,NA,NA
"ALLEGHENY RESERVOIR",2006-07-05,"2006-07-05 00:00:00","Open Water","PHOSPHORUS, TOTAL","TOTAL","mg/L",0.0325,NA,NA,NA
"ALLEGHENY RESERVOIR",2006-07-05,"2006-07-05 00:00:00","Open Water","POTASSIUM","TOTAL","ug/L",1480,NA,NA,NA
"ALLEGHENY RESERVOIR",2006-07-05,"2006-07-05 00:00:00","Open Water","SODIUM","TOTAL","ug/L",10150,NA,NA,NA
"ALLEGHENY RESERVOIR",2006-07-05,"2006-07-05 00:00:00","Secchi Depth","DEPTH, SECCHI DISK DEPTH",NA,"m",1.6,NA,NA,NA
"ALLEGHENY RESERVOIR",2007-06-07,"2007-06-07 12:00:00","Depth Profile","PH",NA,"pH units",7.74,NA,NA,NA
"ALLEGHENY RESERVOIR",2007-06-07,"2007-06-07 12:00:00","Depth Profile","SPECIFIC CONDUCTANCE",NA,"uS/cm",221,NA,NA,NA
"ALLEGHENY RESERVOIR",2007-06-07,"2007-06-07 12:00:00","Open Water","ALKALINITY, TOTAL (AS CACO3)","TOTAL","mg/L",62.2,NA,NA,NA
"ALLEGHENY RESERVOIR",2007-06-07,"2007-06-07 12:00:00","Open Water","CALCIUM","TOTAL","mg/L",23.6,NA,NA,NA
"ALLEGHENY RESERVOIR",2007-06-07,"2007-06-07 12:00:00","Open Water","CARBON, TOTAL ORGANIC","TOTAL","mg/L",2.2,NA,NA,NA
"ALLEGHENY RESERVOIR",2007-06-07,"2007-06-07 12:00:00","Open Water","CHLORIDE","TOTAL","mg/L",23.1,NA,NA,NA
"ALLEGHENY RESERVOIR",2007-06-07,"2007-06-07 12:00:00","Open Water","CHLOROPHYLL A","TOTAL","ug/L",2.54,NA,NA,NA
"ALLEGHENY RESERVOIR",2007-06-07,"2007-06-07 12:00:00","Open Water","IRON","TOTAL","ug/L",135,NA,NA,NA
"ALLEGHENY RESERVOIR",2007-06-07,"2007-06-07 12:00:00","Open Water","MAGNESIUM","TOTAL","ug/L",4360,NA,NA,NA
"ALLEGHENY RESERVOIR",2007-06-07,"2007-06-07 12:00:00","Open Water","MANGANESE","TOTAL","ug/L",67.1,NA,NA,NA
"ALLEGHENY RESERVOIR",2007-06-07,"2007-06-07 12:00:00","Open Water","NITROGEN, AMMONIA (AS N)","TOTAL","mg/L",0.0501,NA,NA,NA
"ALLEGHENY RESERVOIR",2007-06-07,"2007-06-07 12:00:00","Open Water","NITROGEN, KJELDAHL, TOTAL","TOTAL","mg/L",0.723,NA,NA,NA
"ALLEGHENY RESERVOIR",2007-06-07,"2007-06-07 12:00:00","Open Water","NITROGEN, NITRATE-NITRITE","TOTAL","mg/L",0.111,NA,NA,NA
"ALLEGHENY RESERVOIR",2007-06-07,"2007-06-07 12:00:00","Open Water","PHOSPHORUS, TOTAL","TOTAL","mg/L",0.0744,NA,NA,NA
"ALLEGHENY RESERVOIR",2007-06-07,"2007-06-07 12:00:00","Open Water","SODIUM","TOTAL","ug/L",13200,NA,NA,NA
"ALLEGHENY RESERVOIR",2007-06-07,"2007-06-07 12:00:00","Open Water","SULFATE (AS SO4)","TOTAL","mg/L",9.7,NA,NA,NA
"ALLEGHENY RESERVOIR",2007-06-07,"2007-06-07 12:00:00","Open Water","TRUE COLOR","TOTAL","color units",15,NA,NA,NA
"ALLEGHENY RESERVOIR",2007-06-07,"2007-06-07 12:00:00","Secchi Depth","DEPTH, SECCHI DISK DEPTH",NA,"m",2.2,NA,NA,NA
"ALLEGHENY RESERVOIR",2007-07-18,"2007-07-18 12:00:00","Depth Profile","PH",NA,"pH units",8.34,NA,NA,NA
"ALLEGHENY RESERVOIR",2007-07-18,"2007-07-18 12:00:00","Depth Profile","SPECIFIC CONDUCTANCE",NA,"uS/cm",214,NA,NA,NA
"ALLEGHENY RESERVOIR",2007-07-18,"2007-07-18 12:00:00","Open Water","ALKALINITY, TOTAL (AS CACO3)","TOTAL","mg/L",60,NA,NA,NA
"ALLEGHENY RESERVOIR",2007-07-18,"2007-07-18 12:00:00","Open Water","CALCIUM","TOTAL","mg/L",24.5,NA,NA,NA
"ALLEGHENY RESERVOIR",2007-07-18,"2007-07-18 12:00:00","Open Water","CARBON, TOTAL ORGANIC","TOTAL","mg/L",3.71,NA,NA,NA
"ALLEGHENY RESERVOIR",2007-07-18,"2007-07-18 12:00:00","Open Water","CHLORIDE","TOTAL","mg/L",25.4,NA,NA,NA
"ALLEGHENY RESERVOIR",2007-07-18,"2007-07-18 12:00:00","Open Water","MAGNESIUM","TOTAL","ug/L",4370,NA,NA,NA
"ALLEGHENY RESERVOIR",2007-07-18,"2007-07-18 12:00:00","Open Water","MANGANESE","TOTAL","ug/L",36.2,NA,NA,NA
"ALLEGHENY RESERVOIR",2007-07-18,"2007-07-18 12:00:00","Open Water","NITROGEN, AMMONIA (AS N)","TOTAL","mg/L",0.0173,NA,NA,NA
"ALLEGHENY RESERVOIR",2007-07-18,"2007-07-18 12:00:00","Open Water","NITROGEN, KJELDAHL, TOTAL","TOTAL","mg/L",0.61,NA,NA,NA
"ALLEGHENY RESERVOIR",2007-07-18,"2007-07-18 12:00:00","Open Water","NITROGEN, NITRATE-NITRITE","TOTAL","mg/L",0.0039,NA,NA,NA
"ALLEGHENY RESERVOIR",2007-07-18,"2007-07-18 12:00:00","Open Water","SODIUM","TOTAL","ug/L",14500,NA,NA,NA
"ALLEGHENY RESERVOIR",2007-07-18,"2007-07-18 12:00:00","Open Water","SULFATE (AS SO4)","TOTAL","mg/L",8.12,NA,NA,NA
"ALLEGHENY RESERVOIR",2007-07-18,"2007-07-18 12:00:00","Open Water","TRUE COLOR","TOTAL","color units",5,NA,NA,NA
"ALLEGHENY RESERVOIR",2007-07-18,"2007-07-18 12:00:00","Secchi Depth","DEPTH, SECCHI DISK DEPTH",NA,"m",1.3,NA,NA,NA
"ALLEGHENY RESERVOIR",2007-08-14,"2007-08-14 12:00:00","Depth Profile","PH",NA,"pH units",8.15,NA,NA,NA
"ALLEGHENY RESERVOIR",2007-08-14,"2007-08-14 12:00:00","Depth Profile","SPECIFIC CONDUCTANCE",NA,"uS/cm",157,NA,NA,NA
"ALLEGHENY RESERVOIR",2007-08-14,"2007-08-14 12:00:00","Open Water","ALKALINITY, TOTAL (AS CACO3)","TOTAL","mg/L",35.3,NA,NA,NA
"ALLEGHENY RESERVOIR",2007-08-14,"2007-08-14 12:00:00","Open Water","CALCIUM","TOTAL","mg/L",14.1,NA,NA,NA
"ALLEGHENY RESERVOIR",2007-08-14,"2007-08-14 12:00:00","Open Water","CARBON, TOTAL ORGANIC","TOTAL","mg/L",3.42,NA,NA,NA
"ALLEGHENY RESERVOIR",2007-08-14,"2007-08-14 12:00:00","Open Water","CHLORIDE","TOTAL","mg/L",16.2,NA,NA,NA
"ALLEGHENY RESERVOIR",2007-08-14,"2007-08-14 12:00:00","Open Water","IRON","TOTAL","ug/L",299,NA,NA,NA
"ALLEGHENY RESERVOIR",2007-08-14,"2007-08-14 12:00:00","Open Water","MAGNESIUM","TOTAL","ug/L",2900,NA,NA,NA
"ALLEGHENY RESERVOIR",2007-08-14,"2007-08-14 12:00:00","Open Water","MANGANESE","TOTAL","ug/L",71.5,NA,NA,NA
"ALLEGHENY RESERVOIR",2007-08-14,"2007-08-14 12:00:00","Open Water","NITROGEN, AMMONIA (AS N)","TOTAL","mg/L",0.0178,NA,NA,NA
"ALLEGHENY RESERVOIR",2007-08-14,"2007-08-14 12:00:00","Open Water","NITROGEN, KJELDAHL, TOTAL","TOTAL","mg/L",0.439,NA,NA,NA
"ALLEGHENY RESERVOIR",2007-08-14,"2007-08-14 12:00:00","Open Water","NITROGEN, NITRATE-NITRITE","TOTAL","mg/L",0.164,NA,NA,NA
"ALLEGHENY RESERVOIR",2007-08-14,"2007-08-14 12:00:00","Open Water","PHOSPHORUS, TOTAL","TOTAL","mg/L",0.0522,NA,NA,NA
"ALLEGHENY RESERVOIR",2007-08-14,"2007-08-14 12:00:00","Open Water","SODIUM","TOTAL","ug/L",10200,NA,NA,NA
"ALLEGHENY RESERVOIR",2007-08-14,"2007-08-14 12:00:00","Open Water","SULFATE (AS SO4)","TOTAL","mg/L",7.16,NA,NA,NA
"ALLEGHENY RESERVOIR",2007-08-14,"2007-08-14 12:00:00","Open Water","TRUE COLOR","TOTAL","color units",15,NA,NA,NA
"ALLEGHENY RESERVOIR",2007-08-14,"2007-08-14 12:00:00","Secchi Depth","DEPTH, SECCHI DISK DEPTH",NA,"m",0.7,NA,NA,NA
"ALLEGHENY RESERVOIR",2017-06-14,"2017-06-14 10:10:00","Bottom Sample","CARBON, TOTAL ORGANIC","TOTAL","mg/L",2,NA,NA,NA
"ALLEGHENY RESERVOIR",2017-06-14,"2017-06-14 10:30:00","Bottom Sample","CARBON, TOTAL ORGANIC","TOTAL","mg/L",1.8,NA,NA,NA
"ALLEGHENY RESERVOIR",2017-06-14,"2017-06-14 09:15:00","Bottom Sample","CARBON, TOTAL ORGANIC","TOTAL","mg/L",1.8,NA,NA,NA
"ALLEGHENY RESERVOIR",2017-06-14,"2017-06-14 09:38:00","Bottom Sample","CARBON, TOTAL ORGANIC","TOTAL","mg/L",1.8,NA,NA,NA
"ALLEGHENY RESERVOIR",2017-06-14,"2017-06-14 10:10:00","Bottom Sample","NITROGEN, AMMONIA (AS N)","TOTAL","mg/L",0.047,NA,NA,NA
"ALLEGHENY RESERVOIR",2017-06-14,"2017-06-14 10:30:00","Bottom Sample","NITROGEN, AMMONIA (AS N)","TOTAL","mg/L",0.119,NA,NA,NA
"ALLEGHENY RESERVOIR",2017-06-14,"2017-06-14 09:15:00","Bottom Sample","NITROGEN, AMMONIA (AS N)","TOTAL","mg/L",0.0785,NA,NA,NA
"ALLEGHENY RESERVOIR",2017-06-14,"2017-06-14 09:38:00","Bottom Sample","NITROGEN, AMMONIA (AS N)","TOTAL","mg/L",0.0118,NA,NA,NA
"ALLEGHENY RESERVOIR",2017-06-14,"2017-06-14 10:10:00","Bottom Sample","NITROGEN, KJELDAHL, TOTAL","TOTAL","mg/L",0.25,NA,NA,NA
"ALLEGHENY RESERVOIR",2017-06-14,"2017-06-14 10:30:00","Bottom Sample","NITROGEN, KJELDAHL, TOTAL","TOTAL","mg/L",0.32,NA,NA,NA
"ALLEGHENY RESERVOIR",2017-06-14,"2017-06-14 09:15:00","Bottom Sample","NITROGEN, KJELDAHL, TOTAL","TOTAL","mg/L",0.28,NA,NA,NA
"ALLEGHENY RESERVOIR",2017-06-14,"2017-06-14 09:38:00","Bottom Sample","NITROGEN, KJELDAHL, TOTAL","TOTAL","mg/L",0.16,NA,NA,NA
"ALLEGHENY RESERVOIR",2017-06-14,"2017-06-14 10:10:00","Bottom Sample","NITROGEN, NITRATE-NITRITE","TOTAL","mg/L",0.127,NA,NA,NA
"ALLEGHENY RESERVOIR",2017-06-14,"2017-06-14 10:30:00","Bottom Sample","NITROGEN, NITRATE-NITRITE","TOTAL","mg/L",0.24,NA,NA,NA
"ALLEGHENY RESERVOIR",2017-06-14,"2017-06-14 09:15:00","Bottom Sample","NITROGEN, NITRATE-NITRITE","TOTAL","mg/L",0.239,NA,NA,NA
"ALLEGHENY RESERVOIR",2017-06-14,"2017-06-14 09:38:00","Bottom Sample","NITROGEN, NITRATE-NITRITE","TOTAL","mg/L",0.258,NA,NA,NA
"ALLEGHENY RESERVOIR",2017-06-14,"2017-06-14 10:10:00","Bottom Sample","PH FOR COLOR ANALYSIS",NA,"pH units",7.81,NA,NA,NA
"ALLEGHENY RESERVOIR",2017-06-14,"2017-06-14 10:30:00","Bottom Sample","PH FOR COLOR ANALYSIS",NA,"pH units",7.82,NA,NA,NA
"ALLEGHENY RESERVOIR",2017-06-14,"2017-06-14 09:15:00","Bottom Sample","PH FOR COLOR ANALYSIS",NA,"pH units",7.37,NA,NA,NA
"ALLEGHENY RESERVOIR",2017-06-14,"2017-06-14 09:38:00","Bottom Sample","PH FOR COLOR ANALYSIS",NA,"pH units",7.45,NA,NA,NA
"ALLEGHENY RESERVOIR",2017-06-14,"2017-06-14 10:10:00","Bottom Sample","PHOSPHORUS, DISSOLVED","DISSOLVED","mg/L",0.0054,NA,NA,NA
"ALLEGHENY RESERVOIR",2017-06-14,"2017-06-14 10:30:00","Bottom Sample","PHOSPHORUS, DISSOLVED","DISSOLVED","mg/L",0.0075,NA,NA,NA
"ALLEGHENY RESERVOIR",2017-06-14,"2017-06-14 09:15:00","Bottom Sample","PHOSPHORUS, DISSOLVED","DISSOLVED","mg/L",0.005,NA,NA,NA
"ALLEGHENY RESERVOIR",2017-06-14,"2017-06-14 09:38:00","Bottom Sample","PHOSPHORUS, DISSOLVED","DISSOLVED","mg/L",0.0097,NA,NA,NA
"ALLEGHENY RESERVOIR",2017-06-14,"2017-06-14 10:10:00","Bottom Sample","PHOSPHORUS, TOTAL","TOTAL","mg/L",0.0211,NA,NA,NA
"ALLEGHENY RESERVOIR",2017-06-14,"2017-06-14 10:30:00","Bottom Sample","PHOSPHORUS, TOTAL","TOTAL","mg/L",0.0187,NA,NA,NA
"ALLEGHENY RESERVOIR",2017-06-14,"2017-06-14 09:15:00","Bottom Sample","PHOSPHORUS, TOTAL","TOTAL","mg/L",0.0224,NA,NA,NA
"ALLEGHENY RESERVOIR",2017-06-14,"2017-06-14 09:38:00","Bottom Sample","PHOSPHORUS, TOTAL","TOTAL","mg/L",0.0111,NA,NA,NA
"ALLEGHENY RESERVOIR",2017-06-14,"2017-06-14 10:10:00","Bottom Sample","TRUE COLOR","TOTAL","color units",16,NA,NA,NA
"ALLEGHENY RESERVOIR",2017-06-14,"2017-06-14 10:30:00","Bottom Sample","TRUE COLOR","TOTAL","color units",10,NA,NA,NA
"ALLEGHENY RESERVOIR",2017-06-14,"2017-06-14 09:15:00","Bottom Sample","TRUE COLOR","TOTAL","color units",18,NA,NA,NA
"ALLEGHENY RESERVOIR",2017-06-14,"2017-06-14 09:38:00","Bottom Sample","TRUE COLOR","TOTAL","color units",20,NA,NA,NA
"ALLEGHENY RESERVOIR",2017-06-14,"2017-06-14 10:10:00","Depth Profile","ALKALINITY, TOTAL (AS CACO3)","TOTAL","mg/L",53.2,NA,NA,NA
"ALLEGHENY RESERVOIR",2017-06-14,"2017-06-14 10:30:00","Depth Profile","ALKALINITY, TOTAL (AS CACO3)","TOTAL","mg/L",63.2,NA,NA,NA
"ALLEGHENY RESERVOIR",2017-06-14,"2017-06-14 09:15:00","Depth Profile","ALKALINITY, TOTAL (AS CACO3)","TOTAL","mg/L",42.8,NA,NA,NA
"ALLEGHENY RESERVOIR",2017-06-14,"2017-06-14 09:38:00","Depth Profile","ALKALINITY, TOTAL (AS CACO3)","TOTAL","mg/L",38.4,NA,NA,NA
"ALLEGHENY RESERVOIR",2017-06-14,"2017-06-14 10:10:00","Depth Profile","CARBON, TOTAL ORGANIC","TOTAL","mg/L",2.1,NA,NA,NA
"ALLEGHENY RESERVOIR",2017-06-14,"2017-06-14 10:30:00","Depth Profile","CARBON, TOTAL ORGANIC","TOTAL","mg/L",2,NA,NA,NA
"ALLEGHENY RESERVOIR",2017-06-14,"2017-06-14 09:15:00","Depth Profile","CARBON, TOTAL ORGANIC","TOTAL","mg/L",2.1,NA,NA,NA
"ALLEGHENY RESERVOIR",2017-06-14,"2017-06-14 09:38:00","Depth Profile","CARBON, TOTAL ORGANIC","TOTAL","mg/L",2,NA,NA,NA
"ALLEGHENY RESERVOIR",2017-06-14,"2017-06-14 10:10:00","Depth Profile","CHLOROPHYLL A (PROBE)",NA,"ug/L",8.945,NA,NA,NA
"ALLEGHENY RESERVOIR",2017-06-14,"2017-06-14 10:30:00","Depth Profile","CHLOROPHYLL A (PROBE)",NA,"ug/L",5.68857142857143,NA,NA,NA
"ALLEGHENY RESERVOIR",2017-06-14,"2017-06-14 09:15:00","Depth Profile","CHLOROPHYLL A (PROBE)",NA,"ug/L",3.73,NA,NA,NA
"ALLEGHENY RESERVOIR",2017-06-14,"2017-06-14 09:38:00","Depth Profile","CHLOROPHYLL A (PROBE)",NA,"ug/L",3.378,NA,NA,NA
"ALLEGHENY RESERVOIR",2017-06-14,"2017-06-14 10:10:00","Depth Profile","DISSOLVED OXYGEN",NA,"mg/L",8.96666666666667,NA,NA,NA
"ALLEGHENY RESERVOIR",2017-06-14,"2017-06-14 10:30:00","Depth Profile","DISSOLVED OXYGEN",NA,"mg/L",8.77666666666667,NA,NA,NA
"ALLEGHENY RESERVOIR",2017-06-14,"2017-06-14 09:15:00","Depth Profile","DISSOLVED OXYGEN",NA,"mg/L",6.02,NA,NA,NA
"ALLEGHENY RESERVOIR",2017-06-14,"2017-06-14 09:38:00","Depth Profile","DISSOLVED OXYGEN",NA,"mg/L",9.30333333333333,NA,NA,NA
"ALLEGHENY RESERVOIR",2017-06-14,"2017-06-14 10:10:00","Depth Profile","NITROGEN, AMMONIA (AS N)","TOTAL","mg/L",0.0171,NA,NA,NA
"ALLEGHENY RESERVOIR",2017-06-14,"2017-06-14 09:15:00","Depth Profile","NITROGEN, AMMONIA (AS N)","TOTAL","mg/L",0.0155,NA,NA,NA
"ALLEGHENY RESERVOIR",2017-06-14,"2017-06-14 09:38:00","Depth Profile","NITROGEN, AMMONIA (AS N)","TOTAL","mg/L",0.0077,NA,NA,NA
"ALLEGHENY RESERVOIR",2017-06-14,"2017-06-14 10:10:00","Depth Profile","NITROGEN, KJELDAHL, TOTAL","TOTAL","mg/L",0.35,NA,NA,NA
"ALLEGHENY RESERVOIR",2017-06-14,"2017-06-14 10:30:00","Depth Profile","NITROGEN, KJELDAHL, TOTAL","TOTAL","mg/L",0.35,NA,NA,NA
"ALLEGHENY RESERVOIR",2017-06-14,"2017-06-14 09:15:00","Depth Profile","NITROGEN, KJELDAHL, TOTAL","TOTAL","mg/L",0.3,NA,NA,NA
"ALLEGHENY RESERVOIR",2017-06-14,"2017-06-14 09:38:00","Depth Profile","NITROGEN, KJELDAHL, TOTAL","TOTAL","mg/L",0.21,NA,NA,NA
"ALLEGHENY RESERVOIR",2017-06-14,"2017-06-14 10:10:00","Depth Profile","NITROGEN, NITRATE-NITRITE","TOTAL","mg/L",0.134,NA,NA,NA
"ALLEGHENY RESERVOIR",2017-06-14,"2017-06-14 10:30:00","Depth Profile","NITROGEN, NITRATE-NITRITE","TOTAL","mg/L",0.186,NA,NA,NA
"ALLEGHENY RESERVOIR",2017-06-14,"2017-06-14 09:15:00","Depth Profile","NITROGEN, NITRATE-NITRITE","TOTAL","mg/L",0.112,NA,NA,NA
"ALLEGHENY RESERVOIR",2017-06-14,"2017-06-14 09:38:00","Depth Profile","NITROGEN, NITRATE-NITRITE","TOTAL","mg/L",0.115,NA,NA,NA
"ALLEGHENY RESERVOIR",2017-06-14,"2017-06-14 10:10:00","Depth Profile","PH",NA,"pH units",7.89,NA,NA,NA
"ALLEGHENY RESERVOIR",2017-06-14,"2017-06-14 09:15:00","Depth Profile","PH",NA,"pH units",7.66,NA,NA,NA
"ALLEGHENY RESERVOIR",2017-06-14,"2017-06-14 09:38:00","Depth Profile","PH",NA,"pH units",7.9,NA,NA,NA
"ALLEGHENY RESERVOIR",2017-06-14,"2017-06-14 10:10:00","Depth Profile","PH FOR COLOR ANALYSIS",NA,"pH units",7.84,NA,NA,NA
"ALLEGHENY RESERVOIR",2017-06-14,"2017-06-14 09:15:00","Depth Profile","PH FOR COLOR ANALYSIS",NA,"pH units",7.56,NA,NA,NA
"ALLEGHENY RESERVOIR",2017-06-14,"2017-06-14 09:38:00","Depth Profile","PH FOR COLOR ANALYSIS",NA,"pH units",7.65,NA,NA,NA
"ALLEGHENY RESERVOIR",2017-06-14,"2017-06-14 10:10:00","Depth Profile","PHOSPHORUS (FRACTION UNKNOWN)",NA,"mg/L",0.013,NA,NA,NA
"ALLEGHENY RESERVOIR",2017-06-14,"2017-06-14 10:10:00","Depth Profile","PHOSPHORUS (FRACTION UNKNOWN)",NA,"mg/L",0.0034,NA,NA,NA
"ALLEGHENY RESERVOIR",2017-06-14,"2017-06-14 10:30:00","Depth Profile","PHOSPHORUS (FRACTION UNKNOWN)",NA,"mg/L",0.0238,NA,NA,NA
"ALLEGHENY RESERVOIR",2017-06-14,"2017-06-14 10:30:00","Depth Profile","PHOSPHORUS (FRACTION UNKNOWN)",NA,"mg/L",0.0068,NA,NA,NA
"ALLEGHENY RESERVOIR",2017-06-14,"2017-06-14 09:15:00","Depth Profile","PHOSPHORUS (FRACTION UNKNOWN)",NA,"mg/L",0.0042,NA,NA,NA
"ALLEGHENY RESERVOIR",2017-06-14,"2017-06-14 09:15:00","Depth Profile","PHOSPHORUS (FRACTION UNKNOWN)",NA,"mg/L",0.0135,NA,NA,NA
"ALLEGHENY RESERVOIR",2017-06-14,"2017-06-14 09:38:00","Depth Profile","PHOSPHORUS (FRACTION UNKNOWN)",NA,"mg/L",0.0068,NA,NA,NA
"ALLEGHENY RESERVOIR",2017-06-14,"2017-06-14 09:38:00","Depth Profile","PHOSPHORUS (FRACTION UNKNOWN)",NA,"mg/L",0.0103,NA,NA,NA
"ALLEGHENY RESERVOIR",2017-06-14,"2017-06-14 10:10:00","Depth Profile","SPECIFIC CONDUCTANCE",NA,"uS/cm",164.233333333333,NA,NA,NA
"ALLEGHENY RESERVOIR",2017-06-14,"2017-06-14 10:30:00","Depth Profile","SPECIFIC CONDUCTANCE",NA,"uS/cm",133.2,NA,NA,NA
"ALLEGHENY RESERVOIR",2017-06-14,"2017-06-14 09:15:00","Depth Profile","SPECIFIC CONDUCTANCE",NA,"uS/cm",135.966666666667,NA,NA,NA
"ALLEGHENY RESERVOIR",2017-06-14,"2017-06-14 09:38:00","Depth Profile","SPECIFIC CONDUCTANCE",NA,"uS/cm",118.833333333333,NA,NA,NA
"ALLEGHENY RESERVOIR",2017-06-14,"2017-06-14 10:10:00","Depth Profile","TEMPERATURE",NA,"deg C",23.5433333333333,NA,NA,NA
"ALLEGHENY RESERVOIR",2017-06-14,"2017-06-14 10:30:00","Depth Profile","TEMPERATURE",NA,"deg C",24.1166666666667,NA,NA,NA
"ALLEGHENY RESERVOIR",2017-06-14,"2017-06-14 09:15:00","Depth Profile","TEMPERATURE",NA,"deg C",22.1866666666667,NA,NA,NA
"ALLEGHENY RESERVOIR",2017-06-14,"2017-06-14 09:38:00","Depth Profile","TEMPERATURE",NA,"deg C",22.2733333333333,NA,NA,NA
"ALLEGHENY RESERVOIR",2017-06-14,"2017-06-14 10:10:00","Depth Profile","TRUE COLOR","TOTAL","color units",15,NA,NA,NA
"ALLEGHENY RESERVOIR",2017-06-14,"2017-06-14 09:15:00","Depth Profile","TRUE COLOR","TOTAL","color units",10,NA,NA,NA
"ALLEGHENY RESERVOIR",2017-06-14,"2017-06-14 09:38:00","Depth Profile","TRUE COLOR","TOTAL","color units",15,NA,NA,NA
"ALLEGHENY RESERVOIR",2017-06-14,"2017-06-14 10:10:00","Open Water","CHLOROPHYLL A","TOTAL","ug/L",8.63,NA,NA,NA
"ALLEGHENY RESERVOIR",2017-06-14,"2017-06-14 10:30:00","Open Water","CHLOROPHYLL A","TOTAL","ug/L",19.9,NA,NA,NA
"ALLEGHENY RESERVOIR",2017-06-14,"2017-06-14 09:15:00","Open Water","CHLOROPHYLL A","TOTAL","ug/L",2.47,NA,NA,NA
"ALLEGHENY RESERVOIR",2017-06-14,"2017-06-14 09:38:00","Open Water","CHLOROPHYLL A","TOTAL","ug/L",4.31,NA,NA,NA
"ALLEGHENY RESERVOIR",2017-06-14,"2017-06-14 10:10:00","Secchi Depth","DEPTH, SECCHI DISK DEPTH",NA,"m",1.55,NA,NA,NA
"ALLEGHENY RESERVOIR",2017-06-14,"2017-06-14 10:30:00","Secchi Depth","DEPTH, SECCHI DISK DEPTH",NA,"m",1.15,NA,NA,NA
"ALLEGHENY RESERVOIR",2017-06-14,"2017-06-14 09:15:00","Secchi Depth","DEPTH, SECCHI DISK DEPTH",NA,"m",2.3,NA,NA,NA
"ALLEGHENY RESERVOIR",2017-06-14,"2017-06-14 09:38:00","Secchi Depth","DEPTH, SECCHI DISK DEPTH",NA,"m",3.15,NA,NA,NA
"ALLEGHENY RESERVOIR",2017-07-11,"2017-07-11 08:35:00","Bottom Sample","CARBON, TOTAL ORGANIC","TOTAL","mg/L",2.8,NA,NA,NA
"ALLEGHENY RESERVOIR",2017-07-11,"2017-07-11 10:15:00","Bottom Sample","CARBON, TOTAL ORGANIC","TOTAL","mg/L",2.8,NA,NA,NA
"ALLEGHENY RESERVOIR",2017-07-11,"2017-07-11 09:35:00","Bottom Sample","CARBON, TOTAL ORGANIC","TOTAL","mg/L",2.5,NA,NA,NA
"ALLEGHENY RESERVOIR",2017-07-11,"2017-07-11 09:20:00","Bottom Sample","CARBON, TOTAL ORGANIC","TOTAL","mg/L",2.3,NA,NA,NA
"ALLEGHENY RESERVOIR",2017-07-11,"2017-07-11 08:35:00","Bottom Sample","NITROGEN, AMMONIA (AS N)","TOTAL","mg/L",0.112,NA,NA,NA
"ALLEGHENY RESERVOIR",2017-07-11,"2017-07-11 10:15:00","Bottom Sample","NITROGEN, AMMONIA (AS N)","TOTAL","mg/L",0.0264,NA,NA,NA
"ALLEGHENY RESERVOIR",2017-07-11,"2017-07-11 09:35:00","Bottom Sample","NITROGEN, AMMONIA (AS N)","TOTAL","mg/L",0.142,NA,NA,NA
"ALLEGHENY RESERVOIR",2017-07-11,"2017-07-11 09:20:00","Bottom Sample","NITROGEN, AMMONIA (AS N)","TOTAL","mg/L",0.0696,NA,NA,NA
"ALLEGHENY RESERVOIR",2017-07-11,"2017-07-11 08:35:00","Bottom Sample","NITROGEN, KJELDAHL, TOTAL","TOTAL","mg/L",0.47,NA,NA,NA
"ALLEGHENY RESERVOIR",2017-07-11,"2017-07-11 10:15:00","Bottom Sample","NITROGEN, KJELDAHL, TOTAL","TOTAL","mg/L",0.42,NA,NA,NA
"ALLEGHENY RESERVOIR",2017-07-11,"2017-07-11 09:35:00","Bottom Sample","NITROGEN, KJELDAHL, TOTAL","TOTAL","mg/L",0.47,NA,NA,NA
"ALLEGHENY RESERVOIR",2017-07-11,"2017-07-11 09:20:00","Bottom Sample","NITROGEN, KJELDAHL, TOTAL","TOTAL","mg/L",0.37,NA,NA,NA
"ALLEGHENY RESERVOIR",2017-07-11,"2017-07-11 08:35:00","Bottom Sample","NITROGEN, NITRATE-NITRITE","TOTAL","mg/L",0.0887,NA,NA,NA
"ALLEGHENY RESERVOIR",2017-07-11,"2017-07-11 10:15:00","Bottom Sample","NITROGEN, NITRATE-NITRITE","TOTAL","mg/L",0.307,NA,NA,NA
"ALLEGHENY RESERVOIR",2017-07-11,"2017-07-11 09:35:00","Bottom Sample","NITROGEN, NITRATE-NITRITE","TOTAL","mg/L",0.272,NA,NA,NA
"ALLEGHENY RESERVOIR",2017-07-11,"2017-07-11 09:20:00","Bottom Sample","NITROGEN, NITRATE-NITRITE","TOTAL","mg/L",0.299,NA,NA,NA
"ALLEGHENY RESERVOIR",2017-07-11,"2017-07-11 08:35:00","Bottom Sample","PH FOR COLOR ANALYSIS",NA,"pH units",7.45,NA,NA,NA
"ALLEGHENY RESERVOIR",2017-07-11,"2017-07-11 10:15:00","Bottom Sample","PH FOR COLOR ANALYSIS",NA,"pH units",7.62,NA,NA,NA
"ALLEGHENY RESERVOIR",2017-07-11,"2017-07-11 09:35:00","Bottom Sample","PH FOR COLOR ANALYSIS",NA,"pH units",7.3,NA,NA,NA
"ALLEGHENY RESERVOIR",2017-07-11,"2017-07-11 09:20:00","Bottom Sample","PH FOR COLOR ANALYSIS",NA,"pH units",7.38,NA,NA,NA
"ALLEGHENY RESERVOIR",2017-07-11,"2017-07-11 08:35:00","Bottom Sample","PHOSPHORUS, DISSOLVED","DISSOLVED","mg/L",0.0101,NA,NA,NA
"ALLEGHENY RESERVOIR",2017-07-11,"2017-07-11 10:15:00","Bottom Sample","PHOSPHORUS, DISSOLVED","DISSOLVED","mg/L",0.0193,NA,NA,NA
"ALLEGHENY RESERVOIR",2017-07-11,"2017-07-11 09:35:00","Bottom Sample","PHOSPHORUS, DISSOLVED","DISSOLVED","mg/L",0.0086,NA,NA,NA
"ALLEGHENY RESERVOIR",2017-07-11,"2017-07-11 09:20:00","Bottom Sample","PHOSPHORUS, DISSOLVED","DISSOLVED","mg/L",0.0087,NA,NA,NA
"ALLEGHENY RESERVOIR",2017-07-11,"2017-07-11 08:35:00","Bottom Sample","PHOSPHORUS, TOTAL","TOTAL","mg/L",0.0344,NA,NA,NA
"ALLEGHENY RESERVOIR",2017-07-11,"2017-07-11 10:15:00","Bottom Sample","PHOSPHORUS, TOTAL","TOTAL","mg/L",0.0484,NA,NA,NA
"ALLEGHENY RESERVOIR",2017-07-11,"2017-07-11 09:35:00","Bottom Sample","PHOSPHORUS, TOTAL","TOTAL","mg/L",0.044,NA,NA,NA
"ALLEGHENY RESERVOIR",2017-07-11,"2017-07-11 09:20:00","Bottom Sample","PHOSPHORUS, TOTAL","TOTAL","mg/L",0.027,NA,NA,NA
"ALLEGHENY RESERVOIR",2017-07-11,"2017-07-11 08:35:00","Bottom Sample","TRUE COLOR","TOTAL","color units",29,NA,NA,NA
"ALLEGHENY RESERVOIR",2017-07-11,"2017-07-11 10:15:00","Bottom Sample","TRUE COLOR","TOTAL","color units",32,NA,NA,NA
"ALLEGHENY RESERVOIR",2017-07-11,"2017-07-11 09:35:00","Bottom Sample","TRUE COLOR","TOTAL","color units",36,NA,NA,NA
"ALLEGHENY RESERVOIR",2017-07-11,"2017-07-11 09:20:00","Bottom Sample","TRUE COLOR","TOTAL","color units",25,NA,NA,NA
"ALLEGHENY RESERVOIR",2017-07-11,"2017-07-11 08:35:00","Open Water","ALKALINITY, TOTAL (AS CACO3)","TOTAL","mg/L",39.2,NA,NA,NA
"ALLEGHENY RESERVOIR",2017-07-11,"2017-07-11 10:15:00","Open Water","ALKALINITY, TOTAL (AS CACO3)","TOTAL","mg/L",42.4,NA,NA,NA
"ALLEGHENY RESERVOIR",2017-07-11,"2017-07-11 09:35:00","Open Water","ALKALINITY, TOTAL (AS CACO3)","TOTAL","mg/L",37.2,NA,NA,NA
"ALLEGHENY RESERVOIR",2017-07-11,"2017-07-11 09:20:00","Open Water","ALKALINITY, TOTAL (AS CACO3)","TOTAL","mg/L",35.2,NA,NA,NA
"ALLEGHENY RESERVOIR",2017-07-11,"2017-07-11 08:35:00","Open Water","CARBON, TOTAL ORGANIC","TOTAL","mg/L",3.8,NA,NA,NA
"ALLEGHENY RESERVOIR",2017-07-11,"2017-07-11 10:15:00","Open Water","CARBON, TOTAL ORGANIC","TOTAL","mg/L",4.1,NA,NA,NA
"ALLEGHENY RESERVOIR",2017-07-11,"2017-07-11 09:35:00","Open Water","CARBON, TOTAL ORGANIC","TOTAL","mg/L",2.9,NA,NA,NA
"ALLEGHENY RESERVOIR",2017-07-11,"2017-07-11 09:20:00","Open Water","CARBON, TOTAL ORGANIC","TOTAL","mg/L",2.8,NA,NA,NA
"ALLEGHENY RESERVOIR",2017-07-11,"2017-07-11 08:35:00","Open Water","CHLOROPHYLL A","TOTAL","ug/L",44.2,NA,NA,NA
"ALLEGHENY RESERVOIR",2017-07-11,"2017-07-11 10:15:00","Open Water","CHLOROPHYLL A","TOTAL","ug/L",84.6,NA,NA,NA
"ALLEGHENY RESERVOIR",2017-07-11,"2017-07-11 09:35:00","Open Water","CHLOROPHYLL A","TOTAL","ug/L",14.7,NA,NA,NA
"ALLEGHENY RESERVOIR",2017-07-11,"2017-07-11 09:20:00","Open Water","CHLOROPHYLL A","TOTAL","ug/L",12.8,NA,NA,NA
"ALLEGHENY RESERVOIR",2017-07-11,"2017-07-11 08:35:00","Open Water","NITROGEN, AMMONIA (AS N)","TOTAL","mg/L",0.0064,NA,NA,NA
"ALLEGHENY RESERVOIR",2017-07-11,"2017-07-11 10:15:00","Open Water","NITROGEN, AMMONIA (AS N)","TOTAL","mg/L",0.0057,NA,NA,NA
"ALLEGHENY RESERVOIR",2017-07-11,"2017-07-11 09:35:00","Open Water","NITROGEN, AMMONIA (AS N)","TOTAL","mg/L",0.009,NA,NA,NA
"ALLEGHENY RESERVOIR",2017-07-11,"2017-07-11 09:20:00","Open Water","NITROGEN, AMMONIA (AS N)","TOTAL","mg/L",0.0055,NA,NA,NA
"ALLEGHENY RESERVOIR",2017-07-11,"2017-07-11 08:35:00","Open Water","NITROGEN, KJELDAHL, TOTAL","TOTAL","mg/L",0.76,NA,NA,NA
"ALLEGHENY RESERVOIR",2017-07-11,"2017-07-11 10:15:00","Open Water","NITROGEN, KJELDAHL, TOTAL","TOTAL","mg/L",1.01,NA,NA,NA
"ALLEGHENY RESERVOIR",2017-07-11,"2017-07-11 09:35:00","Open Water","NITROGEN, KJELDAHL, TOTAL","TOTAL","mg/L",0.37,NA,NA,NA
"ALLEGHENY RESERVOIR",2017-07-11,"2017-07-11 09:20:00","Open Water","NITROGEN, KJELDAHL, TOTAL","TOTAL","mg/L",0.4,NA,NA,NA
"ALLEGHENY RESERVOIR",2017-07-11,"2017-07-11 08:35:00","Open Water","NITROGEN, NITRATE-NITRITE","TOTAL","mg/L",0.0112,NA,NA,NA
"ALLEGHENY RESERVOIR",2017-07-11,"2017-07-11 10:15:00","Open Water","NITROGEN, NITRATE-NITRITE","TOTAL","mg/L",0.0212,NA,NA,NA
"ALLEGHENY RESERVOIR",2017-07-11,"2017-07-11 09:35:00","Open Water","NITROGEN, NITRATE-NITRITE","TOTAL","mg/L",0.0859,NA,NA,NA
"ALLEGHENY RESERVOIR",2017-07-11,"2017-07-11 09:20:00","Open Water","NITROGEN, NITRATE-NITRITE","TOTAL","mg/L",0.0737,NA,NA,NA
"ALLEGHENY RESERVOIR",2017-07-11,"2017-07-11 08:35:00","Open Water","PH FOR COLOR ANALYSIS",NA,"pH units",7.69,NA,NA,NA
"ALLEGHENY RESERVOIR",2017-07-11,"2017-07-11 10:15:00","Open Water","PH FOR COLOR ANALYSIS",NA,"pH units",7.78,NA,NA,NA
"ALLEGHENY RESERVOIR",2017-07-11,"2017-07-11 09:35:00","Open Water","PH FOR COLOR ANALYSIS",NA,"pH units",7.56,NA,NA,NA
"ALLEGHENY RESERVOIR",2017-07-11,"2017-07-11 09:20:00","Open Water","PH FOR COLOR ANALYSIS",NA,"pH units",7.68,NA,NA,NA
"ALLEGHENY RESERVOIR",2017-07-11,"2017-07-11 08:35:00","Open Water","PHOSPHORUS, DISSOLVED","DISSOLVED","mg/L",0.0083,NA,NA,NA
"ALLEGHENY RESERVOIR",2017-07-11,"2017-07-11 10:15:00","Open Water","PHOSPHORUS, DISSOLVED","DISSOLVED","mg/L",0.0059,NA,NA,NA
"ALLEGHENY RESERVOIR",2017-07-11,"2017-07-11 09:35:00","Open Water","PHOSPHORUS, DISSOLVED","DISSOLVED","mg/L",0.0034,NA,NA,NA
"ALLEGHENY RESERVOIR",2017-07-11,"2017-07-11 09:20:00","Open Water","PHOSPHORUS, DISSOLVED","DISSOLVED","mg/L",0.0039,NA,NA,NA
"ALLEGHENY RESERVOIR",2017-07-11,"2017-07-11 08:35:00","Open Water","PHOSPHORUS, TOTAL","TOTAL","mg/L",0.0277,NA,NA,NA
"ALLEGHENY RESERVOIR",2017-07-11,"2017-07-11 10:15:00","Open Water","PHOSPHORUS, TOTAL","TOTAL","mg/L",0.0504,NA,NA,NA
"ALLEGHENY RESERVOIR",2017-07-11,"2017-07-11 09:35:00","Open Water","PHOSPHORUS, TOTAL","TOTAL","mg/L",0.0234,NA,NA,NA
"ALLEGHENY RESERVOIR",2017-07-11,"2017-07-11 09:20:00","Open Water","PHOSPHORUS, TOTAL","TOTAL","mg/L",0.0155,NA,NA,NA
"ALLEGHENY RESERVOIR",2017-07-11,"2017-07-11 08:35:00","Open Water","TRUE COLOR","TOTAL","color units",19,NA,NA,NA
"ALLEGHENY RESERVOIR",2017-07-11,"2017-07-11 10:15:00","Open Water","TRUE COLOR","TOTAL","color units",23,NA,NA,NA
"ALLEGHENY RESERVOIR",2017-07-11,"2017-07-11 09:35:00","Open Water","TRUE COLOR","TOTAL","color units",16,NA,NA,NA
"ALLEGHENY RESERVOIR",2017-07-11,"2017-07-11 09:20:00","Open Water","TRUE COLOR","TOTAL","color units",15,NA,NA,NA
"ALLEGHENY RESERVOIR",2017-07-11,"2017-07-11 08:35:00","Secchi Depth","DEPTH, SECCHI DISK DEPTH",NA,"m",1,NA,NA,NA
"ALLEGHENY RESERVOIR",2017-07-11,"2017-07-11 10:15:00","Secchi Depth","DEPTH, SECCHI DISK DEPTH",NA,"m",0.65,NA,NA,NA
"ALLEGHENY RESERVOIR",2017-07-11,"2017-07-11 09:35:00","Secchi Depth","DEPTH, SECCHI DISK DEPTH",NA,"m",1.85,NA,NA,NA
"ALLEGHENY RESERVOIR",2017-07-11,"2017-07-11 09:20:00","Secchi Depth","DEPTH, SECCHI DISK DEPTH",NA,"m",2.1,NA,NA,NA
"ALLEGHENY RESERVOIR",2017-07-11,"2017-07-11 00:00:00","Shore Bloom","CHLOROPHYLL A (PROBE) CONCENTRATION, CHLOROPHYTE (GREEN ALGAE)",NA,"ug/L",0,"CONFIRMED","2017-07-12",""
"ALLEGHENY RESERVOIR",2017-07-11,"2017-07-11 00:00:00","Shore Bloom","CHLOROPHYLL A (PROBE) CONCENTRATION, CRYPTOPHYTA (CRYPTOPHYTES)",NA,"ug/L",0,"CONFIRMED","2017-07-12",""
"ALLEGHENY RESERVOIR",2017-07-11,"2017-07-11 00:00:00","Shore Bloom","CHLOROPHYLL A (PROBE) CONCENTRATION, CYANOBACTERIA (BLUEGREEN)",NA,"ug/L",56.5,"CONFIRMED","2017-07-12",""
"ALLEGHENY RESERVOIR",2017-07-11,"2017-07-11 00:00:00","Shore Bloom","CHLOROPHYLL A (PROBE) CONCENTRATION, DINOPHYTA (DIATOMS)",NA,"ug/L",0,"CONFIRMED","2017-07-12",""
"ALLEGHENY RESERVOIR",2017-07-11,"2017-07-11 00:00:00","Shore Bloom","CHLOROPHYLL A (PROBE) CONCENTRATION, TOTAL",NA,"ug/L",56.5,"CONFIRMED","2017-07-12",""
"ALLEGHENY RESERVOIR",2017-08-08,"2017-08-08 09:50:00","Bottom Sample","CARBON, TOTAL ORGANIC","TOTAL","mg/L",2.8,NA,NA,NA
"ALLEGHENY RESERVOIR",2017-08-08,"2017-08-08 11:55:00","Bottom Sample","CARBON, TOTAL ORGANIC","TOTAL","mg/L",2.6,NA,NA,NA
"ALLEGHENY RESERVOIR",2017-08-08,"2017-08-08 11:00:00","Bottom Sample","CARBON, TOTAL ORGANIC","TOTAL","mg/L",2.4,NA,NA,NA
"ALLEGHENY RESERVOIR",2017-08-08,"2017-08-08 10:30:00","Bottom Sample","CARBON, TOTAL ORGANIC","TOTAL","mg/L",2.7,NA,NA,NA
"ALLEGHENY RESERVOIR",2017-08-08,"2017-08-08 09:50:00","Bottom Sample","NITROGEN, AMMONIA (AS N)","TOTAL","mg/L",0.0489,NA,NA,NA
"ALLEGHENY RESERVOIR",2017-08-08,"2017-08-08 11:55:00","Bottom Sample","NITROGEN, AMMONIA (AS N)","TOTAL","mg/L",0.0737,NA,NA,NA
"ALLEGHENY RESERVOIR",2017-08-08,"2017-08-08 11:00:00","Bottom Sample","NITROGEN, AMMONIA (AS N)","TOTAL","mg/L",0.103,NA,NA,NA
"ALLEGHENY RESERVOIR",2017-08-08,"2017-08-08 10:30:00","Bottom Sample","NITROGEN, AMMONIA (AS N)","TOTAL","mg/L",0.0111,NA,NA,NA
"ALLEGHENY RESERVOIR",2017-08-08,"2017-08-08 09:50:00","Bottom Sample","NITROGEN, KJELDAHL, TOTAL","TOTAL","mg/L",0.39,NA,NA,NA
"ALLEGHENY RESERVOIR",2017-08-08,"2017-08-08 11:55:00","Bottom Sample","NITROGEN, KJELDAHL, TOTAL","TOTAL","mg/L",0.41,NA,NA,NA
"ALLEGHENY RESERVOIR",2017-08-08,"2017-08-08 11:00:00","Bottom Sample","NITROGEN, KJELDAHL, TOTAL","TOTAL","mg/L",0.38,NA,NA,NA
"ALLEGHENY RESERVOIR",2017-08-08,"2017-08-08 10:30:00","Bottom Sample","NITROGEN, KJELDAHL, TOTAL","TOTAL","mg/L",0.37,NA,NA,NA
"ALLEGHENY RESERVOIR",2017-08-08,"2017-08-08 09:50:00","Bottom Sample","NITROGEN, NITRATE-NITRITE","TOTAL","mg/L",0.0555,NA,NA,NA
"ALLEGHENY RESERVOIR",2017-08-08,"2017-08-08 11:55:00","Bottom Sample","NITROGEN, NITRATE-NITRITE","TOTAL","mg/L",0.279,NA,NA,NA
"ALLEGHENY RESERVOIR",2017-08-08,"2017-08-08 11:00:00","Bottom Sample","NITROGEN, NITRATE-NITRITE","TOTAL","mg/L",0.21,NA,NA,NA
"ALLEGHENY RESERVOIR",2017-08-08,"2017-08-08 10:30:00","Bottom Sample","NITROGEN, NITRATE-NITRITE","TOTAL","mg/L",0.0155,NA,NA,NA
"ALLEGHENY RESERVOIR",2017-08-08,"2017-08-08 09:50:00","Bottom Sample","PH FOR COLOR ANALYSIS",NA,"pH units",7.8,NA,NA,NA
"ALLEGHENY RESERVOIR",2017-08-08,"2017-08-08 11:55:00","Bottom Sample","PH FOR COLOR ANALYSIS",NA,"pH units",7.79,NA,NA,NA
"ALLEGHENY RESERVOIR",2017-08-08,"2017-08-08 11:00:00","Bottom Sample","PH FOR COLOR ANALYSIS",NA,"pH units",7.61,NA,NA,NA
"ALLEGHENY RESERVOIR",2017-08-08,"2017-08-08 10:30:00","Bottom Sample","PH FOR COLOR ANALYSIS",NA,"pH units",7.79,NA,NA,NA
"ALLEGHENY RESERVOIR",2017-08-08,"2017-08-08 09:50:00","Bottom Sample","PHOSPHORUS, DISSOLVED","DISSOLVED","mg/L",0.0103,NA,NA,NA
"ALLEGHENY RESERVOIR",2017-08-08,"2017-08-08 11:55:00","Bottom Sample","PHOSPHORUS, DISSOLVED","DISSOLVED","mg/L",0.0161,NA,NA,NA
"ALLEGHENY RESERVOIR",2017-08-08,"2017-08-08 11:00:00","Bottom Sample","PHOSPHORUS, DISSOLVED","DISSOLVED","mg/L",0.0083,NA,NA,NA
"ALLEGHENY RESERVOIR",2017-08-08,"2017-08-08 10:30:00","Bottom Sample","PHOSPHORUS, DISSOLVED","DISSOLVED","mg/L",0.0034,NA,NA,NA
"ALLEGHENY RESERVOIR",2017-08-08,"2017-08-08 09:50:00","Bottom Sample","PHOSPHORUS, TOTAL","TOTAL","mg/L",0.0175,NA,NA,NA
"ALLEGHENY RESERVOIR",2017-08-08,"2017-08-08 11:55:00","Bottom Sample","PHOSPHORUS, TOTAL","TOTAL","mg/L",0.0397,NA,NA,NA
"ALLEGHENY RESERVOIR",2017-08-08,"2017-08-08 11:00:00","Bottom Sample","PHOSPHORUS, TOTAL","TOTAL","mg/L",0.0139,NA,NA,NA
"ALLEGHENY RESERVOIR",2017-08-08,"2017-08-08 10:30:00","Bottom Sample","PHOSPHORUS, TOTAL","TOTAL","mg/L",0.0096,NA,NA,NA
"ALLEGHENY RESERVOIR",2017-08-08,"2017-08-08 09:50:00","Bottom Sample","TRUE COLOR","TOTAL","color units",13,NA,NA,NA
"ALLEGHENY RESERVOIR",2017-08-08,"2017-08-08 11:55:00","Bottom Sample","TRUE COLOR","TOTAL","color units",22,NA,NA,NA
"ALLEGHENY RESERVOIR",2017-08-08,"2017-08-08 11:00:00","Bottom Sample","TRUE COLOR","TOTAL","color units",17,NA,NA,NA
"ALLEGHENY RESERVOIR",2017-08-08,"2017-08-08 10:30:00","Bottom Sample","TRUE COLOR","TOTAL","color units",11,NA,NA,NA
"ALLEGHENY RESERVOIR",2017-08-08,"2017-08-08 09:50:00","Depth Profile","ALKALINITY, TOTAL (AS CACO3)","TOTAL","mg/L",52.4,NA,NA,NA
"ALLEGHENY RESERVOIR",2017-08-08,"2017-08-08 11:55:00","Depth Profile","ALKALINITY, TOTAL (AS CACO3)","TOTAL","mg/L",58,NA,NA,NA
"ALLEGHENY RESERVOIR",2017-08-08,"2017-08-08 11:00:00","Depth Profile","ALKALINITY, TOTAL (AS CACO3)","TOTAL","mg/L",40.8,NA,NA,NA
"ALLEGHENY RESERVOIR",2017-08-08,"2017-08-08 10:30:00","Depth Profile","ALKALINITY, TOTAL (AS CACO3)","TOTAL","mg/L",38.4,NA,NA,NA
"ALLEGHENY RESERVOIR",2017-08-08,"2017-08-08 09:50:00","Depth Profile","CARBON, TOTAL ORGANIC","TOTAL","mg/L",3.5,NA,NA,NA
"ALLEGHENY RESERVOIR",2017-08-08,"2017-08-08 11:55:00","Depth Profile","CARBON, TOTAL ORGANIC","TOTAL","mg/L",3.7,NA,NA,NA
"ALLEGHENY RESERVOIR",2017-08-08,"2017-08-08 11:00:00","Depth Profile","CARBON, TOTAL ORGANIC","TOTAL","mg/L",2.8,NA,NA,NA
"ALLEGHENY RESERVOIR",2017-08-08,"2017-08-08 10:30:00","Depth Profile","CARBON, TOTAL ORGANIC","TOTAL","mg/L",2.8,NA,NA,NA
"ALLEGHENY RESERVOIR",2017-08-08,"2017-08-08 09:50:00","Depth Profile","CHLOROPHYLL A (PROBE)",NA,"ug/L",4.56,NA,NA,NA
"ALLEGHENY RESERVOIR",2017-08-08,"2017-08-08 11:55:00","Depth Profile","CHLOROPHYLL A (PROBE)",NA,"ug/L",2.75285714285714,NA,NA,NA
"ALLEGHENY RESERVOIR",2017-08-08,"2017-08-08 11:00:00","Depth Profile","CHLOROPHYLL A (PROBE)",NA,"ug/L",3.05866666666667,NA,NA,NA
"ALLEGHENY RESERVOIR",2017-08-08,"2017-08-08 10:30:00","Depth Profile","CHLOROPHYLL A (PROBE)",NA,"ug/L",4.60916666666667,NA,NA,NA
"ALLEGHENY RESERVOIR",2017-08-08,"2017-08-08 09:50:00","Depth Profile","DISSOLVED OXYGEN",NA,"mg/L",8.24333333333333,NA,NA,NA
"ALLEGHENY RESERVOIR",2017-08-08,"2017-08-08 11:55:00","Depth Profile","DISSOLVED OXYGEN",NA,"mg/L",9.75333333333333,NA,NA,NA
"ALLEGHENY RESERVOIR",2017-08-08,"2017-08-08 11:00:00","Depth Profile","DISSOLVED OXYGEN",NA,"mg/L",8.65333333333333,NA,NA,NA
"ALLEGHENY RESERVOIR",2017-08-08,"2017-08-08 10:30:00","Depth Profile","DISSOLVED OXYGEN",NA,"mg/L",8.78,NA,NA,NA
"ALLEGHENY RESERVOIR",2017-08-08,"2017-08-08 09:50:00","Depth Profile","NITROGEN, AMMONIA (AS N)","TOTAL","mg/L",0.0195,NA,NA,NA
"ALLEGHENY RESERVOIR",2017-08-08,"2017-08-08 11:55:00","Depth Profile","NITROGEN, AMMONIA (AS N)","TOTAL","mg/L",0.0075,NA,NA,NA
"ALLEGHENY RESERVOIR",2017-08-08,"2017-08-08 11:00:00","Depth Profile","NITROGEN, AMMONIA (AS N)","TOTAL","mg/L",0.0066,NA,NA,NA
"ALLEGHENY RESERVOIR",2017-08-08,"2017-08-08 10:30:00","Depth Profile","NITROGEN, AMMONIA (AS N)","TOTAL","mg/L",0.0063,NA,NA,NA
"ALLEGHENY RESERVOIR",2017-08-08,"2017-08-08 09:50:00","Depth Profile","NITROGEN, KJELDAHL, TOTAL","TOTAL","mg/L",0.6,NA,NA,NA
"ALLEGHENY RESERVOIR",2017-08-08,"2017-08-08 11:55:00","Depth Profile","NITROGEN, KJELDAHL, TOTAL","TOTAL","mg/L",0.72,NA,NA,NA
"ALLEGHENY RESERVOIR",2017-08-08,"2017-08-08 11:00:00","Depth Profile","NITROGEN, KJELDAHL, TOTAL","TOTAL","mg/L",0.38,NA,NA,NA
"ALLEGHENY RESERVOIR",2017-08-08,"2017-08-08 10:30:00","Depth Profile","NITROGEN, KJELDAHL, TOTAL","TOTAL","mg/L",0.41,NA,NA,NA
"ALLEGHENY RESERVOIR",2017-08-08,"2017-08-08 09:50:00","Depth Profile","NITROGEN, NITRATE-NITRITE","TOTAL","mg/L",0.0245,NA,NA,NA
"ALLEGHENY RESERVOIR",2017-08-08,"2017-08-08 11:55:00","Depth Profile","NITROGEN, NITRATE-NITRITE","TOTAL","mg/L",0.0246,NA,NA,NA
"ALLEGHENY RESERVOIR",2017-08-08,"2017-08-08 11:00:00","Depth Profile","NITROGEN, NITRATE-NITRITE","TOTAL","mg/L",0.0156,NA,NA,NA
"ALLEGHENY RESERVOIR",2017-08-08,"2017-08-08 10:30:00","Depth Profile","NITROGEN, NITRATE-NITRITE","TOTAL","mg/L",0.0128,NA,NA,NA
"ALLEGHENY RESERVOIR",2017-08-08,"2017-08-08 09:50:00","Depth Profile","PH",NA,"pH units",7.76,NA,NA,NA
"ALLEGHENY RESERVOIR",2017-08-08,"2017-08-08 11:55:00","Depth Profile","PH",NA,"pH units",8.20666666666667,NA,NA,NA
"ALLEGHENY RESERVOIR",2017-08-08,"2017-08-08 11:00:00","Depth Profile","PH",NA,"pH units",7.85666666666667,NA,NA,NA
"ALLEGHENY RESERVOIR",2017-08-08,"2017-08-08 10:30:00","Depth Profile","PH",NA,"pH units",7.96666666666667,NA,NA,NA
"ALLEGHENY RESERVOIR",2017-08-08,"2017-08-08 09:50:00","Depth Profile","PH FOR COLOR ANALYSIS",NA,"pH units",7.77,NA,NA,NA
"ALLEGHENY RESERVOIR",2017-08-08,"2017-08-08 11:55:00","Depth Profile","PH FOR COLOR ANALYSIS",NA,"pH units",7.96,NA,NA,NA
"ALLEGHENY RESERVOIR",2017-08-08,"2017-08-08 11:00:00","Depth Profile","PH FOR COLOR ANALYSIS",NA,"pH units",7.77,NA,NA,NA
"ALLEGHENY RESERVOIR",2017-08-08,"2017-08-08 10:30:00","Depth Profile","PH FOR COLOR ANALYSIS",NA,"pH units",7.88,NA,NA,NA
"ALLEGHENY RESERVOIR",2017-08-08,"2017-08-08 09:50:00","Depth Profile","PHOSPHORUS (FRACTION UNKNOWN)",NA,"mg/L",0.0111,NA,NA,NA
"ALLEGHENY RESERVOIR",2017-08-08,"2017-08-08 09:50:00","Depth Profile","PHOSPHORUS (FRACTION UNKNOWN)",NA,"mg/L",0.0208,NA,NA,NA
"ALLEGHENY RESERVOIR",2017-08-08,"2017-08-08 11:55:00","Depth Profile","PHOSPHORUS (FRACTION UNKNOWN)",NA,"mg/L",0.032,NA,NA,NA
"ALLEGHENY RESERVOIR",2017-08-08,"2017-08-08 11:55:00","Depth Profile","PHOSPHORUS (FRACTION UNKNOWN)",NA,"mg/L",0.0096,NA,NA,NA
"ALLEGHENY RESERVOIR",2017-08-08,"2017-08-08 11:00:00","Depth Profile","PHOSPHORUS (FRACTION UNKNOWN)",NA,"mg/L",0.0077,NA,NA,NA
"ALLEGHENY RESERVOIR",2017-08-08,"2017-08-08 11:00:00","Depth Profile","PHOSPHORUS (FRACTION UNKNOWN)",NA,"mg/L",0.0149,NA,NA,NA
"ALLEGHENY RESERVOIR",2017-08-08,"2017-08-08 10:30:00","Depth Profile","PHOSPHORUS (FRACTION UNKNOWN)",NA,"mg/L",0.0043,NA,NA,NA
"ALLEGHENY RESERVOIR",2017-08-08,"2017-08-08 10:30:00","Depth Profile","PHOSPHORUS (FRACTION UNKNOWN)",NA,"mg/L",0.012,NA,NA,NA
"ALLEGHENY RESERVOIR",2017-08-08,"2017-08-08 09:50:00","Depth Profile","SPECIFIC CONDUCTANCE",NA,"uS/cm",172.333333333333,NA,NA,NA
"ALLEGHENY RESERVOIR",2017-08-08,"2017-08-08 11:55:00","Depth Profile","SPECIFIC CONDUCTANCE",NA,"uS/cm",192.466666666667,NA,NA,NA
"ALLEGHENY RESERVOIR",2017-08-08,"2017-08-08 11:00:00","Depth Profile","SPECIFIC CONDUCTANCE",NA,"uS/cm",137.833333333333,NA,NA,NA
"ALLEGHENY RESERVOIR",2017-08-08,"2017-08-08 10:30:00","Depth Profile","SPECIFIC CONDUCTANCE",NA,"uS/cm",130.666666666667,NA,NA,NA
"ALLEGHENY RESERVOIR",2017-08-08,"2017-08-08 09:50:00","Depth Profile","TEMPERATURE",NA,"deg C",23.16,NA,NA,NA
"ALLEGHENY RESERVOIR",2017-08-08,"2017-08-08 11:55:00","Depth Profile","TEMPERATURE",NA,"deg C",23.4966666666667,NA,NA,NA
"ALLEGHENY RESERVOIR",2017-08-08,"2017-08-08 11:00:00","Depth Profile","TEMPERATURE",NA,"deg C",22.8933333333333,NA,NA,NA
"ALLEGHENY RESERVOIR",2017-08-08,"2017-08-08 10:30:00","Depth Profile","TEMPERATURE",NA,"deg C",22.8966666666667,NA,NA,NA
"ALLEGHENY RESERVOIR",2017-08-08,"2017-08-08 09:50:00","Depth Profile","TRUE COLOR","TOTAL","color units",11,NA,NA,NA
"ALLEGHENY RESERVOIR",2017-08-08,"2017-08-08 11:55:00","Depth Profile","TRUE COLOR","TOTAL","color units",15,NA,NA,NA
"ALLEGHENY RESERVOIR",2017-08-08,"2017-08-08 11:00:00","Depth Profile","TRUE COLOR","TOTAL","color units",12,NA,NA,NA
"ALLEGHENY RESERVOIR",2017-08-08,"2017-08-08 10:30:00","Depth Profile","TRUE COLOR","TOTAL","color units",9,NA,NA,NA
"ALLEGHENY RESERVOIR",2017-08-08,"2017-08-08 09:50:00","Open Water","CHLOROPHYLL A","TOTAL","ug/L",21.9,NA,NA,NA
"ALLEGHENY RESERVOIR",2017-08-08,"2017-08-08 11:55:00","Open Water","CHLOROPHYLL A","TOTAL","ug/L",34.1,NA,NA,NA
"ALLEGHENY RESERVOIR",2017-08-08,"2017-08-08 11:00:00","Open Water","CHLOROPHYLL A","TOTAL","ug/L",17.9,NA,NA,NA
"ALLEGHENY RESERVOIR",2017-08-08,"2017-08-08 10:30:00","Open Water","CHLOROPHYLL A","TOTAL","ug/L",11,NA,NA,NA
"ALLEGHENY RESERVOIR",2017-08-08,"2017-08-08 09:50:00","Secchi Depth","DEPTH, SECCHI DISK DEPTH",NA,"m",1.2,NA,NA,NA
"ALLEGHENY RESERVOIR",2017-08-08,"2017-08-08 11:55:00","Secchi Depth","DEPTH, SECCHI DISK DEPTH",NA,"m",1.05,NA,NA,NA
"ALLEGHENY RESERVOIR",2017-08-08,"2017-08-08 11:00:00","Secchi Depth","DEPTH, SECCHI DISK DEPTH",NA,"m",1.4,NA,NA,NA
"ALLEGHENY RESERVOIR",2017-08-08,"2017-08-08 10:30:00","Secchi Depth","DEPTH, SECCHI DISK DEPTH",NA,"m",1.85,NA,NA,NA
"ALLEGHENY RESERVOIR",2017-08-08,"2017-08-08 00:00:01","Shore Bloom","CHLOROPHYLL A (PROBE) CONCENTRATION, CHLOROPHYTE (GREEN ALGAE)",NA,"ug/L",0,"NO BLOOM","2017-08-11",""
"ALLEGHENY RESERVOIR",2017-08-08,"2017-08-08 00:00:02","Shore Bloom","CHLOROPHYLL A (PROBE) CONCENTRATION, CHLOROPHYTE (GREEN ALGAE)",NA,"ug/L",0,"CONFIRMED","2017-08-11",""
"ALLEGHENY RESERVOIR",2017-08-08,"2017-08-08 00:00:01","Shore Bloom","CHLOROPHYLL A (PROBE) CONCENTRATION, CRYPTOPHYTA (CRYPTOPHYTES)",NA,"ug/L",3.8,"NO BLOOM","2017-08-11",""
"ALLEGHENY RESERVOIR",2017-08-08,"2017-08-08 00:00:02","Shore Bloom","CHLOROPHYLL A (PROBE) CONCENTRATION, CRYPTOPHYTA (CRYPTOPHYTES)",NA,"ug/L",4.2,"CONFIRMED","2017-08-11",""
"ALLEGHENY RESERVOIR",2017-08-08,"2017-08-08 00:00:01","Shore Bloom","CHLOROPHYLL A (PROBE) CONCENTRATION, CYANOBACTERIA (BLUEGREEN)",NA,"ug/L",12.3,"NO BLOOM","2017-08-11",""
"ALLEGHENY RESERVOIR",2017-08-08,"2017-08-08 00:00:02","Shore Bloom","CHLOROPHYLL A (PROBE) CONCENTRATION, CYANOBACTERIA (BLUEGREEN)",NA,"ug/L",172.4,"CONFIRMED","2017-08-11",""
"ALLEGHENY RESERVOIR",2017-08-08,"2017-08-08 00:00:01","Shore Bloom","CHLOROPHYLL A (PROBE) CONCENTRATION, DINOPHYTA (DIATOMS)",NA,"ug/L",0,"NO BLOOM","2017-08-11",""
"ALLEGHENY RESERVOIR",2017-08-08,"2017-08-08 00:00:02","Shore Bloom","CHLOROPHYLL A (PROBE) CONCENTRATION, DINOPHYTA (DIATOMS)",NA,"ug/L",0,"CONFIRMED","2017-08-11",""
"ALLEGHENY RESERVOIR",2017-08-08,"2017-08-08 00:00:01","Shore Bloom","CHLOROPHYLL A (PROBE) CONCENTRATION, TOTAL",NA,"ug/L",16.1,"NO BLOOM","2017-08-11",""
"ALLEGHENY RESERVOIR",2017-08-08,"2017-08-08 00:00:02","Shore Bloom","CHLOROPHYLL A (PROBE) CONCENTRATION, TOTAL",NA,"ug/L",176.6,"CONFIRMED","2017-08-11",""
"ALLEGHENY RESERVOIR",2017-09-12,"2017-09-12 11:45:00","Bottom Sample","CARBON, TOTAL ORGANIC","TOTAL","mg/L",2.3,NA,NA,NA
"ALLEGHENY RESERVOIR",2017-09-12,"2017-09-12 10:55:00","Bottom Sample","CARBON, TOTAL ORGANIC","TOTAL","mg/L",2.9,NA,NA,NA
"ALLEGHENY RESERVOIR",2017-09-12,"2017-09-12 10:20:00","Bottom Sample","CARBON, TOTAL ORGANIC","TOTAL","mg/L",2.3,NA,NA,NA
"ALLEGHENY RESERVOIR",2017-09-12,"2017-09-12 11:45:00","Bottom Sample","NITROGEN, AMMONIA (AS N)","TOTAL","mg/L",0.0243,NA,NA,NA
"ALLEGHENY RESERVOIR",2017-09-12,"2017-09-12 10:55:00","Bottom Sample","NITROGEN, AMMONIA (AS N)","TOTAL","mg/L",0.117,NA,NA,NA
"ALLEGHENY RESERVOIR",2017-09-12,"2017-09-12 10:20:00","Bottom Sample","NITROGEN, AMMONIA (AS N)","TOTAL","mg/L",0.0352,NA,NA,NA
"ALLEGHENY RESERVOIR",2017-09-12,"2017-09-12 11:45:00","Bottom Sample","NITROGEN, KJELDAHL, TOTAL","TOTAL","mg/L",0.13,NA,NA,NA
"ALLEGHENY RESERVOIR",2017-09-12,"2017-09-12 10:55:00","Bottom Sample","NITROGEN, KJELDAHL, TOTAL","TOTAL","mg/L",0.45,NA,NA,NA
"ALLEGHENY RESERVOIR",2017-09-12,"2017-09-12 10:20:00","Bottom Sample","NITROGEN, KJELDAHL, TOTAL","TOTAL","mg/L",0.3,NA,NA,NA
"ALLEGHENY RESERVOIR",2017-09-12,"2017-09-12 11:45:00","Bottom Sample","NITROGEN, NITRATE-NITRITE","TOTAL","mg/L",0.364,NA,NA,NA
"ALLEGHENY RESERVOIR",2017-09-12,"2017-09-12 10:55:00","Bottom Sample","NITROGEN, NITRATE-NITRITE","TOTAL","mg/L",0.139,NA,NA,NA
"ALLEGHENY RESERVOIR",2017-09-12,"2017-09-12 10:20:00","Bottom Sample","NITROGEN, NITRATE-NITRITE","TOTAL","mg/L",0.0396,NA,NA,NA
"ALLEGHENY RESERVOIR",2017-09-12,"2017-09-12 11:45:00","Bottom Sample","PH FOR COLOR ANALYSIS",NA,"pH units",7.55,NA,NA,NA
"ALLEGHENY RESERVOIR",2017-09-12,"2017-09-12 10:55:00","Bottom Sample","PH FOR COLOR ANALYSIS",NA,"pH units",7.58,NA,NA,NA
"ALLEGHENY RESERVOIR",2017-09-12,"2017-09-12 10:20:00","Bottom Sample","PH FOR COLOR ANALYSIS",NA,"pH units",7.65,NA,NA,NA
"ALLEGHENY RESERVOIR",2017-09-12,"2017-09-12 11:45:00","Bottom Sample","PHOSPHORUS, DISSOLVED","DISSOLVED","mg/L",0.0204,NA,NA,NA
"ALLEGHENY RESERVOIR",2017-09-12,"2017-09-12 10:55:00","Bottom Sample","PHOSPHORUS, DISSOLVED","DISSOLVED","mg/L",0.0133,NA,NA,NA
"ALLEGHENY RESERVOIR",2017-09-12,"2017-09-12 10:20:00","Bottom Sample","PHOSPHORUS, DISSOLVED","DISSOLVED","mg/L",0.0044,NA,NA,NA
"ALLEGHENY RESERVOIR",2017-09-12,"2017-09-12 11:45:00","Bottom Sample","PHOSPHORUS, TOTAL","TOTAL","mg/L",0.0265,NA,NA,NA
"ALLEGHENY RESERVOIR",2017-09-12,"2017-09-12 10:55:00","Bottom Sample","PHOSPHORUS, TOTAL","TOTAL","mg/L",0.0322,NA,NA,NA
"ALLEGHENY RESERVOIR",2017-09-12,"2017-09-12 10:20:00","Bottom Sample","PHOSPHORUS, TOTAL","TOTAL","mg/L",0.0091,NA,NA,NA
"ALLEGHENY RESERVOIR",2017-09-12,"2017-09-12 11:45:00","Bottom Sample","TRUE COLOR","TOTAL","color units",24,NA,NA,NA
"ALLEGHENY RESERVOIR",2017-09-12,"2017-09-12 10:55:00","Bottom Sample","TRUE COLOR","TOTAL","color units",25,NA,NA,NA
"ALLEGHENY RESERVOIR",2017-09-12,"2017-09-12 10:20:00","Bottom Sample","TRUE COLOR","TOTAL","color units",11,NA,NA,NA
"ALLEGHENY RESERVOIR",2017-09-12,"2017-09-12 12:10:00","Depth Profile","ALKALINITY, TOTAL (AS CACO3)","TOTAL","mg/L",57.6,NA,NA,NA
"ALLEGHENY RESERVOIR",2017-09-12,"2017-09-12 11:45:00","Depth Profile","ALKALINITY, TOTAL (AS CACO3)","TOTAL","mg/L",60.8,NA,NA,NA
"ALLEGHENY RESERVOIR",2017-09-12,"2017-09-12 10:55:00","Depth Profile","ALKALINITY, TOTAL (AS CACO3)","TOTAL","mg/L",42.8,NA,NA,NA
"ALLEGHENY RESERVOIR",2017-09-12,"2017-09-12 10:20:00","Depth Profile","ALKALINITY, TOTAL (AS CACO3)","TOTAL","mg/L",41.6,NA,NA,NA
"ALLEGHENY RESERVOIR",2017-09-12,"2017-09-12 12:10:00","Depth Profile","CARBON, TOTAL ORGANIC","TOTAL","mg/L",3.9,NA,NA,NA
"ALLEGHENY RESERVOIR",2017-09-12,"2017-09-12 11:45:00","Depth Profile","CARBON, TOTAL ORGANIC","TOTAL","mg/L",3.1,NA,NA,NA
"ALLEGHENY RESERVOIR",2017-09-12,"2017-09-12 10:55:00","Depth Profile","CARBON, TOTAL ORGANIC","TOTAL","mg/L",2.5,NA,NA,NA
"ALLEGHENY RESERVOIR",2017-09-12,"2017-09-12 10:20:00","Depth Profile","CARBON, TOTAL ORGANIC","TOTAL","mg/L",2.5,NA,NA,NA
"ALLEGHENY RESERVOIR",2017-09-12,"2017-09-12 10:20:00","Depth Profile","CHLOROPHYLL A (PROBE)",NA,"ug/L",4.03545454545455,NA,NA,NA
"ALLEGHENY RESERVOIR",2017-09-12,"2017-09-12 12:10:00","Depth Profile","CHLOROPHYLL A (PROBE)",NA,"ug/L",5.63333333333333,NA,NA,NA
"ALLEGHENY RESERVOIR",2017-09-12,"2017-09-12 11:45:00","Depth Profile","CHLOROPHYLL A (PROBE)",NA,"ug/L",2.65555555555556,NA,NA,NA
"ALLEGHENY RESERVOIR",2017-09-12,"2017-09-12 10:55:00","Depth Profile","CHLOROPHYLL A (PROBE)",NA,"ug/L",4.46153846153846,NA,NA,NA
"ALLEGHENY RESERVOIR",2017-09-12,"2017-09-12 10:20:00","Depth Profile","DISSOLVED OXYGEN",NA,"mg/L",8.12666666666667,NA,NA,NA
"ALLEGHENY RESERVOIR",2017-09-12,"2017-09-12 12:10:00","Depth Profile","DISSOLVED OXYGEN",NA,"mg/L",11.136,NA,NA,NA
"ALLEGHENY RESERVOIR",2017-09-12,"2017-09-12 11:45:00","Depth Profile","DISSOLVED OXYGEN",NA,"mg/L",9.078,NA,NA,NA
"ALLEGHENY RESERVOIR",2017-09-12,"2017-09-12 10:55:00","Depth Profile","DISSOLVED OXYGEN",NA,"mg/L",9.10666666666667,NA,NA,NA
"ALLEGHENY RESERVOIR",2017-09-12,"2017-09-12 10:20:00","Depth Profile","NITROGEN, AMMONIA (AS N)","TOTAL","mg/L",0.0069,NA,NA,NA
"ALLEGHENY RESERVOIR",2017-09-12,"2017-09-12 12:10:00","Depth Profile","NITROGEN, AMMONIA (AS N)","TOTAL","mg/L",0.0056,NA,NA,NA
"ALLEGHENY RESERVOIR",2017-09-12,"2017-09-12 11:45:00","Depth Profile","NITROGEN, AMMONIA (AS N)","TOTAL","mg/L",0.044,NA,NA,NA
"ALLEGHENY RESERVOIR",2017-09-12,"2017-09-12 10:55:00","Depth Profile","NITROGEN, AMMONIA (AS N)","TOTAL","mg/L",0.0054,NA,NA,NA
"ALLEGHENY RESERVOIR",2017-09-12,"2017-09-12 10:20:00","Depth Profile","NITROGEN, KJELDAHL, TOTAL","TOTAL","mg/L",0.44,NA,NA,NA
"ALLEGHENY RESERVOIR",2017-09-12,"2017-09-12 12:10:00","Depth Profile","NITROGEN, KJELDAHL, TOTAL","TOTAL","mg/L",0.7,NA,NA,NA
"ALLEGHENY RESERVOIR",2017-09-12,"2017-09-12 11:45:00","Depth Profile","NITROGEN, KJELDAHL, TOTAL","TOTAL","mg/L",0.42,NA,NA,NA
"ALLEGHENY RESERVOIR",2017-09-12,"2017-09-12 10:55:00","Depth Profile","NITROGEN, KJELDAHL, TOTAL","TOTAL","mg/L",0.43,NA,NA,NA
"ALLEGHENY RESERVOIR",2017-09-12,"2017-09-12 12:10:00","Depth Profile","NITROGEN, NITRATE-NITRITE","TOTAL","mg/L",0.0345,NA,NA,NA
"ALLEGHENY RESERVOIR",2017-09-12,"2017-09-12 11:45:00","Depth Profile","NITROGEN, NITRATE-NITRITE","TOTAL","mg/L",0.289,NA,NA,NA
"ALLEGHENY RESERVOIR",2017-09-12,"2017-09-12 10:55:00","Depth Profile","NITROGEN, NITRATE-NITRITE","TOTAL","mg/L",0.014,NA,NA,NA
"ALLEGHENY RESERVOIR",2017-09-12,"2017-09-12 10:20:00","Depth Profile","NITROGEN, NITRATE-NITRITE","TOTAL","mg/L",0.046,NA,NA,NA
"ALLEGHENY RESERVOIR",2017-09-12,"2017-09-12 10:20:00","Depth Profile","PH",NA,"pH units",7.44,NA,NA,NA
"ALLEGHENY RESERVOIR",2017-09-12,"2017-09-12 12:10:00","Depth Profile","PH",NA,"pH units",8.548,NA,NA,NA
"ALLEGHENY RESERVOIR",2017-09-12,"2017-09-12 11:45:00","Depth Profile","PH",NA,"pH units",7.638,NA,NA,NA
"ALLEGHENY RESERVOIR",2017-09-12,"2017-09-12 10:55:00","Depth Profile","PH",NA,"pH units",7.88,NA,NA,NA
"ALLEGHENY RESERVOIR",2017-09-12,"2017-09-12 10:20:00","Depth Profile","PH FOR COLOR ANALYSIS",NA,"pH units",7.3,NA,NA,NA
"ALLEGHENY RESERVOIR",2017-09-12,"2017-09-12 12:10:00","Depth Profile","PH FOR COLOR ANALYSIS",NA,"pH units",7.52,NA,NA,NA
"ALLEGHENY RESERVOIR",2017-09-12,"2017-09-12 11:45:00","Depth Profile","PH FOR COLOR ANALYSIS",NA,"pH units",7.7,NA,NA,NA
"ALLEGHENY RESERVOIR",2017-09-12,"2017-09-12 10:55:00","Depth Profile","PH FOR COLOR ANALYSIS",NA,"pH units",7.72,NA,NA,NA
"ALLEGHENY RESERVOIR",2017-09-12,"2017-09-12 10:20:00","Depth Profile","PHOSPHORUS (FRACTION UNKNOWN)",NA,"mg/L",0.0075,NA,NA,NA
"ALLEGHENY RESERVOIR",2017-09-12,"2017-09-12 10:20:00","Depth Profile","PHOSPHORUS (FRACTION UNKNOWN)",NA,"mg/L",0.0099,NA,NA,NA
"ALLEGHENY RESERVOIR",2017-09-12,"2017-09-12 12:10:00","Depth Profile","PHOSPHORUS (FRACTION UNKNOWN)",NA,"mg/L",0.0313,NA,NA,NA
"ALLEGHENY RESERVOIR",2017-09-12,"2017-09-12 12:10:00","Depth Profile","PHOSPHORUS (FRACTION UNKNOWN)",NA,"mg/L",0.0103,NA,NA,NA
"ALLEGHENY RESERVOIR",2017-09-12,"2017-09-12 11:45:00","Depth Profile","PHOSPHORUS (FRACTION UNKNOWN)",NA,"mg/L",0.0315,NA,NA,NA
"ALLEGHENY RESERVOIR",2017-09-12,"2017-09-12 11:45:00","Depth Profile","PHOSPHORUS (FRACTION UNKNOWN)",NA,"mg/L",0.0155,NA,NA,NA
"ALLEGHENY RESERVOIR",2017-09-12,"2017-09-12 10:55:00","Depth Profile","PHOSPHORUS (FRACTION UNKNOWN)",NA,"mg/L",0.0151,NA,NA,NA
"ALLEGHENY RESERVOIR",2017-09-12,"2017-09-12 10:55:00","Depth Profile","PHOSPHORUS (FRACTION UNKNOWN)",NA,"mg/L",0.0101,NA,NA,NA
"ALLEGHENY RESERVOIR",2017-09-12,"2017-09-12 12:10:00","Depth Profile","SPECIFIC CONDUCTANCE",NA,"uS/cm",186.02,NA,NA,NA
"ALLEGHENY RESERVOIR",2017-09-12,"2017-09-12 11:45:00","Depth Profile","SPECIFIC CONDUCTANCE",NA,"uS/cm",213.38,NA,NA,NA
"ALLEGHENY RESERVOIR",2017-09-12,"2017-09-12 10:55:00","Depth Profile","SPECIFIC CONDUCTANCE",NA,"uS/cm",136.266666666667,NA,NA,NA
"ALLEGHENY RESERVOIR",2017-09-12,"2017-09-12 10:20:00","Depth Profile","SPECIFIC CONDUCTANCE",NA,"uS/cm",139.633333333333,NA,NA,NA
"ALLEGHENY RESERVOIR",2017-09-12,"2017-09-12 12:10:00","Depth Profile","TEMPERATURE",NA,"deg C",19.378,NA,NA,NA
"ALLEGHENY RESERVOIR",2017-09-12,"2017-09-12 11:45:00","Depth Profile","TEMPERATURE",NA,"deg C",18.834,NA,NA,NA
"ALLEGHENY RESERVOIR",2017-09-12,"2017-09-12 10:55:00","Depth Profile","TEMPERATURE",NA,"deg C",19.52,NA,NA,NA
"ALLEGHENY RESERVOIR",2017-09-12,"2017-09-12 10:20:00","Depth Profile","TEMPERATURE",NA,"deg C",19.4333333333333,NA,NA,NA
"ALLEGHENY RESERVOIR",2017-09-12,"2017-09-12 12:10:00","Depth Profile","TRUE COLOR","TOTAL","color units",18,NA,NA,NA
"ALLEGHENY RESERVOIR",2017-09-12,"2017-09-12 11:45:00","Depth Profile","TRUE COLOR","TOTAL","color units",22,NA,NA,NA
"ALLEGHENY RESERVOIR",2017-09-12,"2017-09-12 10:55:00","Depth Profile","TRUE COLOR","TOTAL","color units",13,NA,NA,NA
"ALLEGHENY RESERVOIR",2017-09-12,"2017-09-12 10:20:00","Depth Profile","TRUE COLOR","TOTAL","color units",15,NA,NA,NA
"ALLEGHENY RESERVOIR",2017-09-12,"2017-09-12 10:20:00","Open Water","CHLOROPHYLL A","TOTAL","ug/L",17.4,NA,NA,NA
"ALLEGHENY RESERVOIR",2017-09-12,"2017-09-12 12:10:00","Open Water","CHLOROPHYLL A","TOTAL","ug/L",45.2,NA,NA,NA
"ALLEGHENY RESERVOIR",2017-09-12,"2017-09-12 11:45:00","Open Water","CHLOROPHYLL A","TOTAL","ug/L",10.2,NA,NA,NA
"ALLEGHENY RESERVOIR",2017-09-12,"2017-09-12 10:55:00","Open Water","CHLOROPHYLL A","TOTAL","ug/L",30.1,NA,NA,NA
"ALLEGHENY RESERVOIR",2017-09-12,"2017-09-12 10:20:00","Secchi Depth","DEPTH, SECCHI DISK DEPTH",NA,"m",1.8,NA,NA,NA
"ALLEGHENY RESERVOIR",2017-09-12,"2017-09-12 12:10:00","Secchi Depth","DEPTH, SECCHI DISK DEPTH",NA,"m",0.75,NA,NA,NA
"ALLEGHENY RESERVOIR",2017-09-12,"2017-09-12 11:45:00","Secchi Depth","DEPTH, SECCHI DISK DEPTH",NA,"m",1.9,NA,NA,NA
"ALLEGHENY RESERVOIR",2017-09-12,"2017-09-12 10:55:00","Secchi Depth","DEPTH, SECCHI DISK DEPTH",NA,"m",1.4,NA,NA,NA
"ALLEGHENY RESERVOIR",2017-09-12,"2017-09-12 00:00:00","Shore Bloom","ANATOXIN-A",NA,"ug/L",0.045,"CONFIRMED","2017-09-15",""
"ALLEGHENY RESERVOIR",2017-09-12,"2017-09-12 00:00:00","Shore Bloom","CHLOROPHYLL A (PROBE) CONCENTRATION, CHLOROPHYTE (GREEN ALGAE)",NA,"ug/L",0,"CONFIRMED","2017-09-15",""
"ALLEGHENY RESERVOIR",2017-09-12,"2017-09-12 00:00:00","Shore Bloom","CHLOROPHYLL A (PROBE) CONCENTRATION, CRYPTOPHYTA (CRYPTOPHYTES)",NA,"ug/L",1.3,"CONFIRMED","2017-09-15",""
"ALLEGHENY RESERVOIR",2017-09-12,"2017-09-12 00:00:00","Shore Bloom","CHLOROPHYLL A (PROBE) CONCENTRATION, CRYPTOPHYTA (CRYPTOPHYTES)",NA,"ug/L",5.8,"CONFIRMED","2017-09-15",""
"ALLEGHENY RESERVOIR",2017-09-12,"2017-09-12 00:00:00","Shore Bloom","CHLOROPHYLL A (PROBE) CONCENTRATION, CRYPTOPHYTA (CRYPTOPHYTES)",NA,"ug/L",6.5,"CONFIRMED","2017-09-15",""
"ALLEGHENY RESERVOIR",2017-09-12,"2017-09-12 00:00:00","Shore Bloom","CHLOROPHYLL A (PROBE) CONCENTRATION, CRYPTOPHYTA (CRYPTOPHYTES)",NA,"ug/L",0,"CONFIRMED","2017-09-15",""
"ALLEGHENY RESERVOIR",2017-09-12,"2017-09-12 00:00:00","Shore Bloom","CHLOROPHYLL A (PROBE) CONCENTRATION, CYANOBACTERIA (BLUEGREEN)",NA,"ug/L",260.3,"CONFIRMED","2017-09-15",""
"ALLEGHENY RESERVOIR",2017-09-12,"2017-09-12 00:00:00","Shore Bloom","CHLOROPHYLL A (PROBE) CONCENTRATION, CYANOBACTERIA (BLUEGREEN)",NA,"ug/L",324,"CONFIRMED","2017-09-15",""
"ALLEGHENY RESERVOIR",2017-09-12,"2017-09-12 00:00:00","Shore Bloom","CHLOROPHYLL A (PROBE) CONCENTRATION, CYANOBACTERIA (BLUEGREEN)",NA,"ug/L",370.5,"CONFIRMED","2017-09-15",""
"ALLEGHENY RESERVOIR",2017-09-12,"2017-09-12 00:00:00","Shore Bloom","CHLOROPHYLL A (PROBE) CONCENTRATION, DINOPHYTA (DIATOMS)",NA,"ug/L",0,"CONFIRMED","2017-09-15",""
"ALLEGHENY RESERVOIR",2017-09-12,"2017-09-12 00:00:00","Shore Bloom","CHLOROPHYLL A (PROBE) CONCENTRATION, TOTAL",NA,"ug/L",261.5,"CONFIRMED","2017-09-15",""
"ALLEGHENY RESERVOIR",2017-09-12,"2017-09-12 00:00:00","Shore Bloom","CHLOROPHYLL A (PROBE) CONCENTRATION, TOTAL",NA,"ug/L",330.5,"CONFIRMED","2017-09-15",""
"ALLEGHENY RESERVOIR",2017-09-12,"2017-09-12 00:00:00","Shore Bloom","CHLOROPHYLL A (PROBE) CONCENTRATION, TOTAL",NA,"ug/L",370.5,"CONFIRMED","2017-09-15",""
"ALLEGHENY RESERVOIR",2017-09-12,"2017-09-12 00:00:00","Shore Bloom","MICROCYSTIN",NA,"ug/L",0.62,"CONFIRMED","2017-09-15",""
"ALLEGHENY RESERVOIR",2017-09-12,"2017-09-12 00:00:00","Shore Bloom","MICROCYSTIN H4YR",NA,"ug/L",0,"CONFIRMED","2017-09-15",""
"ALLEGHENY RESERVOIR",2017-09-12,"2017-09-12 00:00:00","Shore Bloom","MICROCYSTIN LR",NA,"ug/L",0.62,"CONFIRMED","2017-09-15",""
